title,article,file_links,url,type
[FUJINET] Tuyá»ƒn dá»¥ng FRESHER DEVELOPERS (JAVA/.NET) (Web/ Winform),"
Äá»‹a Ä‘iá»ƒm lÃ m viá»‡c:Â Sá»‘ 10 Phá»• Quang, PhÆ°á»ng 2, Quáº­n TÃ¢n BÃ¬nh, HCMÂ Sá»‘ lÆ°á»£ng:Â 10 LTVÂ MÃ´ táº£ cÃ´ng viá»‡c:Tham gia vÃ o cÃ¡c dá»± Ã¡n phÃ¡t triá»ƒn pháº§n má»m outsource cho khÃ¡ch hÃ ng (Nháº­t Báº£n)Tham gia láº­p trÃ¬nh, kiá»ƒm thá»­ sáº£n pháº©m theo tá»«ng dá»± Ã¡n cá»§a khÃ¡ch hÃ ng (Nháº­t Báº£n)Sáº½ Ä‘Æ°á»£c Ä‘Ã o táº¡o thÃªm trong quÃ¡ trÃ¬nh thá»­ viá»‡cÂ YÃªu cáº§u á»©ng viÃªn:Tá»‘t nghiá»‡p cÃ¡c trÆ°á»ng Äáº¡i há»c, Cao Ä‘áº³ng cÃ¡c ngÃ nh liÃªn quan Ä‘áº¿n CNTT,â€¦Láº­p trÃ¬nh vá»›i Java Web nhÆ°:Â Â Â Â Â Â Â Â Java Core, JSP Servlet, Struts, Spring MVC, Spring Boot, ...Láº­p trÃ¬nh vá»›iÂ .NET (Web)Â nhÆ°:Â Â Â Â Â Â Â Â Â Â ASP.NET, MVC, Entity Framework, LINQ, ...Láº­p trÃ¬nh vá»›iÂ .NET (Winform)Â nhÆ°:Â Â Â Â Â Â Â Â C# .NET, VB.NET, ...ÄÃ£ lÃ m viá»‡c vá»›i:Â Â HTML, CSS, Javascript, JQuery, Bootstrap,...ÄÃ£ tá»«ng lÃ m vá»›i Ã­t nháº¥t má»™t Database:Â SQL Server, MySQL, Oracle...Äá»c hiá»ƒu nhanh tÃ i liá»‡u tiáº¿ng Anh chuyÃªn ngÃ nh.Nhanh nháº¹n, ham há»c há»i, tinh tháº§n trÃ¡ch nhiá»‡m cao, trung thá»±c, cáº©n tháº­n.á»¨ng viÃªn cÃ³ kiáº¿n thá»©c sau lÃ  má»™t lá»£i tháº¿:Â Â Â Â Â Â Â Â Angular, React, Vue.js , JqueryÂ Â Â Â Â Â Â Â Framework cá»§a ngÃ´n ngá»¯ JAVAÂ Â Â Â Â Â Â Â Sá»­ dá»¥ng Ä‘Æ°á»£c tool quáº£n lÃ½ source code: Git, SVN,..Â Quyá»n lá»£i Ä‘Æ°á»£c hÆ°á»Ÿng:Tham gia khÃ³a Ä‘Ã o táº¡o dÃ nh cho nhÃ¢n viÃªn má»›i lÃ m quen vá»›i mÃ´i trÆ°á»ng lÃ m viá»‡c cÅ©ng nhÆ° trang bá»‹ ká»¹ nÄƒng cáº§n thiáº¿t cho cÃ´ng viá»‡c.Tham gia miá»…n phÃ­Â  cÃ¡c khÃ³a Ä‘Ã o táº¡o ká»¹ nÄƒng má»m, Ä‘Ã o táº¡o chuyÃªn sÃ¢u vá» kiáº¿n thá»©c chuyÃªn ngÃ nh cÅ©ng nhÆ° cÃ¡c buá»•i giá»›i thiá»‡u cÃ´ng nghá»‡ má»›i táº¡i cÃ´ng ty.TÄƒng lÆ°Æ¡ng 6 thÃ¡ng/láº§nLÆ°Æ¡ng thÃ¡ng 13, thÆ°á»Ÿng cÃ¡c ngÃ y lá»…, sinh nháº­t,â€¦Phá»¥ cáº¥p Ä‘i láº¡i (phá»¥ thuá»™c vÃ o khoáº£ng cÃ¡ch tá»« nhÃ  Ä‘áº¿n cÃ´ng ty).KhÃ¡m sá»©c khá»e 1 nÄƒm / láº§n, Du lá»‹ch CÃ´ng ty 1 nÄƒm 1 láº§n.ÄÆ°á»£cÂ há»c Tiáº¿ng Nháº­t miá»…n phÃ­ (N5 â€“ N1)Â trong giá» hÃ nh chÃ­nh, nháº­n phá»¥ cáº¥p khi cÃ³ Báº±ng.Thá»i gian thá»­ viá»‡c tá»‘i Ä‘a 2 thÃ¡ng.Thá»i gian lÃ m viá»‡c : 5 ngÃ y / tuáº§n (giá» báº¯t Ä‘áº§u lÃ m viá»‡c linh Ä‘á»™ng tá»« 7:00-9:00)Thá»i gian lÃ m viá»‡c táº¡i nhÃ  (WFH) linh Ä‘á»™ngÂ hÆ¡n 50 ngÃ y/nÄƒmÂ Vui lÃ²ng gá»­i cv cÃ³ Ä‘Ã­nh kÃ¨m áº£nh gá»­i vá»:Â tuyendung@fujinet.netTáº¡i tiÃªu Ä‘á» (Subject) cá»§a mail: [HCM-UNG TUYEN LAP TRINH VIEN]Â ---------------------*** ---------------------CÃ´ng ty Cá»• pháº§n FUJINET SYSTEMS (FUJINET) lÃ  cÃ´ng ty IT Viá»‡t Nam chuyÃªn phÃ¡t triá»ƒn pháº§n má»m cho cÃ¡c cÃ´ng ty Nháº­t Báº£n. Äáº¿n nay, Ä‘Ã£ tráº£i qua hÆ¡n hai tháº­p ká»· xÃ¢y dá»±ng vÃ  phÃ¡t triá»ƒn thÆ°Æ¡ng hiá»‡u cÃ³ thá»ƒ nÃ³i FUJINET lÃ  má»™t trong nhá»¯ng cÃ¡i nÃ´i Ä‘Ã o táº¡o ra cÃ¡c ká»¹ sÆ° lÃ m offshore cho Nháº­t Báº£n. Bá»Ÿi thá»±c táº¿ cÃ¡c cÃ¡n bá»™ quáº£n lÃ½ Ä‘Ã£ dÃ nh nhiá»u thá»i gian há»c táº­p, nghiÃªn cá»©u thá»‹ trÆ°á»ng CNTT, vÄƒn hÃ³a cá»§a Ä‘áº¥t nÆ°á»›c Ä‘Æ°á»£c má»‡nh danh lÃ  cÆ°á»ng quá»‘c cÃ´ng nghá»‡; Äá»™i ngÅ© ká»¹ sÆ° tá»± tin Ä‘á»‘i á»©ng nhá»¯ng dá»± Ã¡n cÃ³ quy mÃ´ lá»›n, nhá»¯ng dá»± Ã¡n Ä‘Ã²i há»i ká»¹ thuáº­t cao hoáº·c nhá»¯ng dá»± Ã¡n yÃªu cáº§u káº¿t há»£p giá»¯a cÃ´ng nghá»‡ hiá»‡n Ä‘áº¡i vÃ  truyá»n thá»‘ng.5 nÄƒm liá»n Ä‘Æ°á»£c bÃ¬nh chá»n Top 10 Doanh nghiá»‡p CNTT hÃ ng Ä‘áº§u táº¡i Viá»‡t Nam; 4 nÄƒm liá»n Ä‘Æ°á»£c vinh danh táº¡i giáº£i thÆ°á»Ÿng Sao KhuÃª trong lÄ©nh vá»±c xuáº¥t kháº©u pháº§n má»m do VINASA bÃ¬nh chá»n cÃ¹ng nhá»¯ng báº±ng khen Ä‘Ã£ Ä‘Ã³ng gÃ³p cho Ä‘áº¥t nÆ°á»›c lÃ  minh chá»©ng cho sá»± phÃ¡t triá»ƒn ngÃ y cÃ ng máº¡nh máº½ cá»§a FUJINET.Quy mÃ´: 800 nhÃ¢n viÃªnÄá»‹a Ä‘iá»ƒm:TRá»¤ Sá» CHÃNH:Â TÃ²a nhÃ  Waseco, sá»‘ 10 Phá»• Quang, PhÆ°á»ng 2, Quáº­n TÃ¢n BÃ¬nh, ThÃ nh phá»‘ Há»“ ChÃ­ Minh.FUJINET QUY NHÆ N: TÃ²a nhÃ  PhÃº TÃ i Building, 278 Nguyá»…n Thá»‹ Äá»‹nh, TP Quy NhÆ¡n, Tá»‰nh BÃ¬nh Äá»‹nhFUJINET JAPAN:Â Kyobashi Isasu building, 1-6-12 Kyobashi, Chuo-ku, Tokyo, 104-0031, Japan
",[],https://www.fit.hcmus.edu.vn/tin-tuc/d/fujinet-tuyen-dung-fresher-developers-java-net-web-winform-16292,recruitment
Golden Owl Solutions Tuyá»ƒn dá»¥ng Thá»±c táº­p sinh Full-stack JS T8/2024,"
BENEFITSAllowance: 3.000.000 - 6.000.000 VND/month + Parking allowance;Team-building, Tea break monthly;On-job training; English training;Opportunity to be promoted to a full-time position after an internship.Â REQUIREMENTS4th-year students in Computer Science, Software Engineering, IT or related major;Personal laptop is required;Can work full-time at GO office;15 months working after internship commitment;4-month internship commitment;Strong background knowledge of HTML, CSS, Javascript;Have knowledge about at least one of the below (for Full-stack JS intern): Javascript core, NodeJS, React JS or React Native;Good command of English is a plus;Knowledge about: Git, SQL is a big plus;JOB DESCRIPTIONWork under coaching of team leader or mentors;Practice coding with high quality and effective outputs;Estimate tasks;Implement tasks, follow quality guidelines and time plan or the project;Report task progress everyday;Help other team members (PC and QC, team lead, other engineers);APPLY: Send your CV with title [Position] - Full Name via mail: trainer@goldenowl.asiaOnly short-list candidates who meet our above mandatory requirements will be contacted.
",['https://www.fit.hcmus.edu.vn/vn/UserFiles\\7754__JD_-Full-stack-JS-Intern.docx'],https://www.fit.hcmus.edu.vn/tin-tuc/d/golden-owl-solutions-tuyen-dung-thuc-tap-sinh-full-stack-js-t8-2024,recruitment
[Lihuhu] Quality Assurance (Vietnamese) - ver May2024,"
MOBILE GAMES - QUALITY ASSURANCEVá» Lihuhu Vietnam Co LtdLihuhu Vietnam Co Ltd lÃ  chi nhÃ¡nh táº¡i Viá»‡t Nam cá»§a cÃ´ng ty máº¹ cÃ³ trá»¥ sá»Ÿ táº¡i Singapore.Lihuhu chuyÃªn phÃ¡t triá»ƒn cÃ¡c sáº£n pháº©m game thuá»™c thá»ƒ loáº¡i Casual trÃªn thiáº¿t bá»‹ di Ä‘á»™ng táº¡i cÃ¡c thá»‹ trÆ°á»ng ChÃ¢u Ã‚u vÃ  Má»¹ vÃ  Ä‘Ã£ cÃ³ hÆ¡n 60 sáº£n pháº©m game vÃ  hÆ¡n 150 triá»‡u lÆ°á»£t táº£i. Vá»›i má»™t Ä‘á»™i ngÅ© nhÃ¢n viÃªn nÄƒng Ä‘á»™ng, nhiá»‡t huyáº¿t, Lihuhu khÃ´ng ngá»«ng tham vá»ng táº¡o ra cÃ¡c sáº£n pháº©m games thÃ nh cÃ´ng.Quy mÃ´ cÃ´ng ty: 50 ngÆ°á»iTá»•ng quan cÃ´ng viá»‡cVá»›i vai trÃ² Mobile Games Quality Assurance (QA), báº¡n sáº½:PhÃ¢n tÃ­ch, Ä‘Ã¡nh giÃ¡ cÃ¡c yÃªu cáº§u, chá»©c nÄƒng cá»§a trÃ² chÆ¡i.Táº¡o, quáº£n lÃ½ vÃ  thá»±c thi káº¿ hoáº¡ch kiá»ƒm thá»­ trÃ² chÆ¡i.Tham gia thiáº¿t káº¿, gÃ³p Ã½ xÃ¢y dá»±ng trÃ² chÆ¡i nháº±m mang láº¡i tráº£i nghiá»‡m tá»‘t nháº¥t cho ngÆ°á»i chÆ¡i.PhÃ¢n tÃ­ch káº¿t quáº£ kiá»ƒm tra, gá»­i bÃ¡o cÃ¡o lá»—i, xÃ¡c Ä‘á»‹nh má»©c Ä‘á»™ nghiÃªm trá»ng vÃ  má»©c Ä‘á»™ Æ°u tiÃªn cho tá»«ng lá»—i.LÃ m viá»‡c cháº·t cháº½ vá»›i Product Owner, Developer, vÃ  Artist vÃ  cÃ¡c bá»™ pháº­n khÃ¡c Ä‘á»ƒ Ä‘áº£m báº£o cháº¥t lÆ°á»£ng cá»§a trÃ² chÆ¡i tá»‘t nháº¥tChá»§ Ä‘á»™ng giÃ¡m sÃ¡t tiáº¿n Ä‘á»™ thá»­ nghiá»‡m Ä‘á»ƒ Ä‘áº£m báº£o tuÃ¢n thá»§ cÃ¡c má»‘c thá»i gian Ä‘Ã£ Ä‘áº·t ra.Duy trÃ¬ kiáº¿n thá»©c cáº­p nháº­t vá» cÃ¡c cÃ´ng cá»¥, ká»¹ thuáº­t vÃ  phÆ°Æ¡ng phÃ¡p thá»­ nghiá»‡m QA má»›i nháº¥t.Tham gia thiáº¿t káº¿, xÃ¢y dá»±ng, vÃ  cáº£i tiáº¿n cÃ¡c tiÃªu chuáº©n vÃ  quy trÃ¬nh QA, Ä‘áº£m báº£o sá»± thá»‘ng nháº¥t vÃ  cháº¥t lÆ°á»£ng cá»§a cÃ¡c trÃ² chÆ¡i trong quÃ¡ trÃ¬nh thá»­ nghiá»‡m vÃ  phÃ¡t hÃ nh.YÃªu cáº§u cÃ´ng viá»‡cKiÃªn nháº«n, tá»‰ má»‰, cáº©n tháº­n.Tinh tháº§n trÃ¡ch nhiá»‡m cao.Kháº£ nÄƒng há»c há»i vÃ  thÃ­ch á»©ng nhanh.Ká»¹ nÄƒng giáº£i quyáº¿t váº¥n Ä‘á» tá»‘t.Kháº£ nÄƒng quáº£n lÃ½ báº£n thÃ¢n tá»‘t, cÃ³ thá»ƒ lÃ m viá»‡c Ä‘á»™c láº­p vÃ  lÃ m viá»‡c nhÃ³m.Kinh nghiá»‡m quáº£n lÃ½ Ä‘á»™i nhÃ³m lÃ  lá»£i tháº¿.Tá»‘t nghiá»‡p ngÃ nh CÃ´ng Nghá»‡ ThÃ´ng Tin lÃ  lá»£i tháº¿.CÃ³ kinh nghiá»‡m lÃ m viá»‡c á»Ÿ vai trÃ² QA táº¡i cÃ´ng ty Games lÃ  má»™t lá»£i tháº¿Äiá»u Kiá»‡n LÃ m Viá»‡c:LÃ m viá»‡c táº¡i vÄƒn phÃ²ng cÃ´ng ty.Thiáº¿t bá»‹: iMac hoáº·c Macbook + Extra screenGiá» lÃ m viá»‡c: 7 tiáº¿ng/ ngÃ y tá»« thá»© Hai Ä‘áº¿n thá»© SÃ¡u. KhÃ´ng lÃ m ngoÃ i giá».CÃ¡c PhÃºc lá»£i Cá»§a CÃ´ng Ty:LÆ°Æ¡ng thÃ¡ng 13.Nghá»‰ phÃ©p cÃ³ lÆ°Æ¡ng: 12 ngÃ y/nÄƒm, má»—i nÄƒm thÃ¢m niÃªn tÄƒng thÃªm 1 ngÃ y nghá»‰.Nghá»‰ á»‘m cÃ³ lÆ°Æ¡ng: 3 ngÃ y/nÄƒm.CÃ³ Báº£o hiá»ƒm sá»©c khá»e vÃ  khÃ¡m sá»©c khá»e Ä‘á»‹nh ká»³ hÃ ng nÄƒm cho nhÃ¢n viÃªn chÃ­nh thá»©c.Company Trip trong vÃ  ngoÃ i nÆ°á»›c 1 hoáº·c 2 láº§n/nÄƒm tÃ¹y thuá»™c vÃ o tÃ¬nh hÃ¬nh kinh doanh.CÃ³ phá»¥ cáº¥p (Äƒn trÆ°a vÃ  Ä‘á»i sá»‘ng sá»©c khá»e tinh tháº§n).Snacks vÃ  Ä‘á»“ uá»‘ng miá»…n phÃ­ hÃ ng ngÃ y.CÃ³ cÆ¡ há»™i há»c há»i vÃ  tiáº¿p cáº­n cÃ´ng nghá»‡ tiÃªn tiáº¿n.MÃ´i trÆ°á»ng lÃ m viá»‡c chuyÃªn nghiá»‡p, cá»Ÿi má»Ÿ, khuyáº¿n khÃ­ch tá»± phÃ¡t triá»ƒn vÃ  lÃ m viá»‡c trÃªn tinh tháº§n tá»± do, trÃ¡ch nhiá»‡m, khÃ´ng quáº£n lÃ½ tiá»ƒu tiáº¿t.Gá»­i há»“ sÆ¡ cá»§a báº¡n tá»›i: careers@lihuhuvietnam.com
",[],https://www.fit.hcmus.edu.vn/tin-tuc/d/lihuhu-quality-assurance-vietnamese-ver-may2024,recruitment
BOUYGUES CONSTRUCTION IT VIETNAM -  Hiring Network/ System Interns for IT Supervision Level 1,"
Bouygues Construction IT VietnamÂ is a part
ofÂ Bouygues Construction IT, a trusted partner for the business
lines which provides competitiveness of theÂ Bouygues Construction GroupÂ and
promotes its digital transformation.As an IT Supervision Level 1, you will work with our amazing
teams in Vietnam and Morocco to ensure the system operation of Bouygues
Construction Group.Internship information:
Program
     length: 6 months
Training
     hour: Monday â€“ Friday, 08:45 AM â€“ 06:15 PM
Location:
     Etown building, 364 Cong Hoa, Ward 13, Tan Binh District, HCMC
Allowance:
     6,600,000 VND Gross/ month
Your key responsibilities will be:
Perform
     applications daily check before business hours of headquarter.
Escalate
     issues to appropriate level 2.
Generate
     and provide regular SCOM reporting.
Perform
     regular backup incidents following procedures.
Follow
     up procedures and propose improvements if needed.
End-users
     support.
Network
     checks (POM).
Weekly
     report to manager.
JOB REQUIREMENTS
Graduated
     with bachelor in either Information Technology, Computer Science or
     related degree and have good background in IT.
Fluent
     in English. French is a big plus.
Experience/
     Solid knowledge in the installation and administration of Microsoft System
     Center Operations Manager is appreciable.
Experience/
     Solid knowledge in Server Administrator on Windows Server is a big plus.
Experience
     with ITSM ticketing system.
Available
     to work at night shift.
General Skills
Motivated,
     eager to learn.
Good
     communication.
Strict
     and methodic.
Well-organized.
Cares
     about delivery quality.
Team
     spirit and autonomy.
OUR BENEFITSProfessional, Open-minded and Creative Environment:
International
     workplace with great teamwork and Agile mindset.
Strong
     sharing culture to improve individual development.
Individual Development
Individual
     career and development plan.
Various
     knowledge sharing and training in online internal learning hub.
Special Care for You
Competitive
     allowance on internship period.
Compulsory
     insurance and additional medical insurance.
1
     leave day/ month.
Parking
     fee.
Internal
     company activities.Apply your CV to us via: hr.bycnitvn@bouygues-construction.com or call: +84 352 434 305.
",['https://www.fit.hcmus.edu.vn/vn/UserFiles\\7775_HR-RE-JD24.04_System_IT-Supervision-Level-1.pdf'],https://www.fit.hcmus.edu.vn/tin-tuc/d/bouygues-construction-it-vietnam-hiring-network-system-interns-for-it-supervision-level-1,recruitment
"[Q2, Q.BÃ¬nh Tháº¡nh] Golden Owl Solutions Tuyá»ƒn dá»¥ng Thá»±c Táº­p Sinh IT T8/2024","
KÃ¬ thá»±c táº­p Ä‘ang Ä‘áº¿n gáº§n, cÃ²n chá» gÃ¬ ná»¯a mÃ  khÃ´ng nhanh tay á»©ng tuyá»ƒn cÃ¡c vá»‹ trÃ­ thá»±c táº­p IT táº¡i GOS ná»¯a cÃ¡c báº¡n sinh viÃªn Æ¡i!Hiá»‡n táº¡i, Golden Owl Solutions Ä‘ang cáº§n:- 2 báº¡n Ruby on Rails Intern - JD- 2 báº¡n Full-stack JS Intern - JD- 2 báº¡n Python Intern - JD- 2 báº¡n PHP Intern - JD- 1 báº¡n AI/ML Intern - JDVá»›i tinh tháº§n Ä‘á»“ng hÃ nh cÃ¹ng cÃ¡c báº¡n Ä‘á»ƒ phÃ¡t triá»ƒn, GOS tá»± hÃ o Ä‘em Ä‘áº¿n cho cÃ¡c báº¡n nhá»¯ng phÃºc lá»£i nhÆ° sau:CÆ¡ há»™i trá»Ÿ thÃ nh nhÃ¢n viÃªn chÃ­nh thá»©c.Phá»¥ cáº¥p thá»±c táº­p kÃ¨m theo nhiá»u phÃºc lá»£i háº¥p dáº«n khÃ¡c.MÃ´i trÆ°á»ng lÃ m viá»‡c chuyÃªn nghiá»‡p, nÄƒng Ä‘á»™ng.CÃ³ cÆ¡ há»™i phÃ¡t triá»ƒn báº£n thÃ¢n á»Ÿ cÃ¡c ká»¹ nÄƒng Tiáº¿ng Anh, Ká»¹ nÄƒng má»m.CÃ³ mentor 1-1 theo dÃµi sÃ¡t sao, giÃºp Ä‘á»¡ nhiá»‡t tÃ¬nh.Â CÃ³ giÃ¡o trÃ¬nh Ä‘Ã o táº¡o chi tiáº¿t, cá»¥ thá»ƒ phÃ¹ há»£p cho tá»«ng báº¡n.CÃ¡c báº¡n nhanh tay apply Ä‘á»ƒ nháº­n viá»‡c ngay nha!â„¹ï¸ ThÃ´ng tin cá»¥ thá»ƒ vá» chÆ°Æ¡ng trÃ¬nh thá»±c táº­p táº¡i Golden Owl Solutions: https://goldenowl.asia/internshipğŸŒ Viá»‡c lÃ m táº¡i GO: https://goldenowl.asia/careersğŸ“© Gá»­i CV vá»: trainer@goldenowl.asia theo tiÃªu Ä‘á» [FIT - Vá»‹ trÃ­ á»©ng tuyá»ƒn] - Há» tÃªn.ğŸ“² LiÃªn há»‡ sá»‘ Ä‘iá»‡n thoáº¡i: 028.6270.5825 náº¿u cáº§n trao Ä‘á»•i thÃªm thÃ´ng tin.
",[],https://www.fit.hcmus.edu.vn/tin-tuc/d/q2-qbinh-thanh-golden-owl-solutions-tuyen-dung-thuc-tap-sinh-it-t8-2024,recruitment
Danh sÃ¡ch mÃ´n má»Ÿ trong Há»c pháº§n 3 lá»›p cao há»c khÃ³a 33/2023,"
THÃ”NG BÃODanh sÃ¡ch mÃ´n má»Ÿ trong Há»c pháº§n 3 lá»›p cao há»c khÃ³a 33/2023Thá»i gian há»c: tá»« ngÃ y 27/7 Ä‘áº¿n 06/10/2024 (11 tuáº§n).










STT
MÃ£ MH
TÃªn mÃ´n há»c
Sá»‘ TC
GV giáº£ng dáº¡y
NgÃ nh
NgÃ y há»c
HÃ¬nh thá»©c thi
Ghi chÃº


1
MTH076
Xá»­
  lÃ½ tiáº¿ng nÃ³i
4
PGS.TS.
  Äinh Äiá»n
    TS. Nguyá»…n Äá»©c HoÃ ng Háº¡
    TS. ChÃ¢u ThÃ nh Äá»©c
Khoa
  há»c
    mÃ¡y tÃ­nh
thá»©
  ba (18g00)
váº¥n
  Ä‘Ã¡p
Â 


2
MTH021
Há»‡
  thá»‘ng Multimedia
4
PGS.
  TS Tráº§n Minh Triáº¿t
chá»§
  nháº­t (8g00)
váº¥n
  Ä‘Ã¡p + Ä‘á»“ Ã¡n
Â 


1
MTH113
MÃ´ hÃ¬nh ngÃ´n ngá»¯ lá»›n
4
TS. Nguyá»…n Tiáº¿n Huy
TrÃ­
  tuá»‡
    nhÃ¢n táº¡oÂ 
thá»© 5 (18g30)
tráº¯c nghiá»‡m + Ä‘á»“ Ã¡n
Â 


2
MTH101
Sinh - Tin há»c
4
TS. BÃ¹i Duy ÄÄƒng
    TS. BÃ¹i Thá»‹ Danh
thá»© 7 (13g30)
tráº¯c nghiá»‡m + tá»± luáº­n
Há»c
  online


1
MTH041
Há»‡ há»— trá»£ ra quyáº¿t Ä‘á»‹nh
4
TS. VÅ© Thá»‹ Má»¹ Háº±ng
Há»‡ thá»‘ng
  thÃ´ng tin
thá»© 3 (18g00)
Váº¥n
  Ä‘Ã¡p
Â 


2
MTH045
Khoa há»c phÃ¢n tÃ­ch dá»¯ liá»‡u
4
TS. Nguyá»…n Tráº§n Minh ThÆ°
thá»© 7 (8g00)
Äá»“
  Ã¡n, Váº¥n Ä‘Ã¡p
(báº¯t
  Ä‘áº§u tá»« 24/8/2024)

Ghi chÃº:Â CÃ¡c há»c viÃªn theo há»c NgÃ nh Khoa há»c mÃ¡y tÃ­nh, TrÃ­ tuá»‡ nhÃ¢n táº¡o cÃ³ thá»ƒ Ä‘Äƒng kÃ½ há»c cÃ¡c mÃ´n cá»§a ngÃ nh Há»‡ thá»‘ng thÃ´ng tin Ä‘á»ƒ tÃ­ch lÅ©y mÃ´n tá»± chá»n vÃ  ngÆ°á»£c láº¡i.Â Â Äá»‘i vá»›i mÃ´n Khai thÃ¡c dá»¯ liá»‡u lá»›n: há»c viÃªn chá»‰ Ä‘Äƒng kÃ½ khi chÆ°a há»c mÃ´n ""Khai thÃ¡c dá»¯ liá»‡u vÃ  á»©ng dá»¥ng"" á»Ÿ báº­c Ä‘áº¡i há»c, náº¿u há»c viÃªn Ä‘Ã£ há»c á»Ÿ báº­c Ä‘áº¡i há»c vui lÃ²ng Ä‘Äƒng kÃ½ mÃ´n khÃ¡c thay tháº¿.Danh sÃ¡ch mÃ´n má»Ÿ dá»± kiáº¿n Há»c pháº§n 4:NgÃ nh Khoa há»c mÃ¡y tÃ­nh:Â CÃ´ng nghá»‡ chuá»—i khá»‘i;Â Xá»­ lÃ½ áº£nh sá»‘ vÃ  video sá»‘ nÃ¢ng caoNgÃ nh TrÃ­ tuá»‡ nhÃ¢n táº¡o:Â Há»c mÃ¡y vá»›i dá»¯ liá»‡u Ä‘á»“ thá»‹,Â Explainable AINgÃ nh Há»‡ thá»‘ng thÃ´ng tin:Â Khai thÃ¡c ngá»¯ liá»‡u vÄƒn báº£n nÃ¢ng cao;Â CÃ¡c mÃ´ hÃ¬nh phÃ¢n tÃ­ch dá»¯ liá»‡u;Â CÃ´ng nghá»‡ má»›i phÃ¡t triá»ƒn há»‡ thá»‘ng thÃ´ng tin.-----BP. GiÃ¡o Vá»¥ SÄH, Khoa CNTTEmail: giaovusdh@fit.hcmus.edu.vnWebsite:Â https://www.fit.hcmus.edu.vn/sau-dai-hocFacebook:Â https://www.facebook.com/sdh.fit.hcmus/
",[],https://www.fit.hcmus.edu.vn/tin-tuc/d/danh-sach-mon-mo-trong-hoc-phan-3-lop-cao-hoc-khoa-33-2023,timetable
Thá»i khÃ³a biá»ƒu cÃ³ phÃ²ng cÃ¡c lá»›p Há»c pháº§n 3 KhÃ³a 33/2023 - báº¯t Ä‘áº§u há»c 22/7/2024,"
THÃ”NG BÃOThá»i khÃ³a biá»ƒu cÃ³ phÃ²ng cÃ¡c lá»›p Há»c pháº§n 3 KhÃ³a 33/2023Thá»i gian há»c: 22/7 Ä‘áº¿n 06/10/2024 (11 tuáº§n).Â ï»¿Trong Ä‘Ã³ nghá»‰ lá»… 02/9 vÃ  03/9/2024; thi káº¿t thÃºc há»c pháº§n: 14/10 Ä‘áº¿n 27/10/2024.










STT
MÃ£ MH
TÃªn mÃ´n há»c
Sá»‘ TC
GV giáº£ng dáº¡yÂ NgÃ nh
NgÃ y há»c
PhÃ²ng há»c
HÃ¬nh thá»©c thi


1
MTH076
Xá»­ lÃ½ tiáº¿ng nÃ³i
4
PGS.TS.
  Äinh Äiá»n
    TS. Nguyá»…n Äá»©c HoÃ ng Háº¡
    TS. ChÃ¢u ThÃ nh Äá»©c
Khoa há»c
  mÃ¡y tÃ­nh
Thá»© 3 (18g00)
C32B
Váº¥n
  Ä‘Ã¡p


2
MTH021
Há»‡
  thá»‘ng Multimedia
4
PGS.TS.
  Tráº§n Minh Triáº¿t
Chá»§ nháº­t (8g00) báº¯t Ä‘áº§u há»c ngÃ y 04/8/2024
I32
váº¥n
  Ä‘Ã¡p Ä‘á»“ Ã¡n


1
MTH041
Há»‡
  há»— trá»£ ra quyáº¿t Ä‘á»‹nh
4
TS.
  VÅ© Thá»‹ Má»¹ Háº±ng
Há»‡ thá»‘ng
  thÃ´ng tin
Thá»© 3 (18g00) Báº¯t Ä‘áº§u há»c 30/7/2024Â 
I92
tá»± luáº­n


2
MTH045
Khoa há»c phÃ¢n tÃ­ch dá»¯
  liá»‡u
4
TS.
  Nguyá»…n Tráº§n Minh ThÆ°
Thá»©
  7 (8g00)
    Báº¯t Ä‘áº§u ngÃ y 24/8/2024
F109
Ä‘á»“
  Ã¡n, váº¥n Ä‘Ã¡p


1
MTH113
MÃ´
  hÃ¬nh ngÃ´n ngá»¯ lá»›n
4
TS.
  Nguyá»…n Tiáº¿n Huy
TrÃ­ tuá»‡
  nhÃ¢n táº¡o
Thá»©
  5 (18g30) Báº¯t Ä‘áº§u ngÃ y 01/8/2024
C33
    NgÃ y 25/7/2024: há»c á»Ÿ Há»™i trÆ°á»ng I
tráº¯c nghiá»‡m, Ä‘á»“ Ã¡n


2
MTH101
Sinh
  - Tin há»c
4
TS.
  BÃ¹i Duy ÄÄƒng
    TS. BÃ¹i Thá»‹ Danh
Thá»©
  7 (13g30)
online
tá»± luáº­n, tráº¯c nghiá»‡m

-----BP. GiÃ¡o Vá»¥ SÄH, Khoa CNTTEmail: giaovusdh@fit.hcmus.edu.vnWebsite:Â https://www.fit.hcmus.edu.vn/sau-dai-hocFacebook:Â https://www.facebook.com/sdh.fit.hcmus/
",[],https://www.fit.hcmus.edu.vn/tin-tuc/d/thoi-khoa-bieu-co-phong-cac-lop-hoc-phan-3-khoa-33-2023-bat-dau-hoc-22-7-2024,timetable
Äá»•i phÃ²ng lá»›p Xá»­ lÃ½ ngÃ´n ngá»¯ tá»± nhiÃªn nÃ¢ng cao - HP2-K33 tá»« 24/4/2024,"
THÃ”NG BÃOLá»›p Xá»­ lÃ½ ngÃ´n ngá»¯ tá»± nhiÃªn nÃ¢ng cao - Há»c pháº§n 2, khÃ³a 33/2023, lá»‹ch há»c Thá»© 4 (18g00) sáº½ chuyá»ƒn sang há»c há»c C22 tá»« 24/4/2024 Ä‘áº¿n khi káº¿t thÃºc há»c pháº§n.-----BP. GiÃ¡o Vá»¥ SÄH, Khoa CNTTEmail: giaovusdh@fit.hcmus.edu.vnWebsite:Â https://www.fit.hcmus.edu.vn/sau-dai-hocFacebook:Â https://www.facebook.com/sdh.fit.hcmus/
",[],https://www.fit.hcmus.edu.vn/tin-tuc/d/doi-phong-lop-xu-ly-ngon-ngu-tu-nhien-nang-cao-hp2-k33-tu-24-4-2024,timetable
Thá»i khÃ³a biá»ƒu lÃ½ thuyáº¿t vÃ  thá»±c hÃ nh lá»›p 22HCB-HK2,"
ThÃ´ng bÃ¡oThá»i khÃ³a biá»ƒu LT+TH HK2/2022-2023 lá»›p 22HCB(HK2), sinh viÃªn xem chi tiáº¿t trong file Ä‘Ã­nh kÃ¨m.Thá»i gian báº¯t Ä‘áº§u: 04/05/2023GiÃ¡o vá»¥ KCNTT
","['https://www.fit.hcmus.edu.vn/vn/UserFiles\\7238_TKB-thuc-hanh-22HCB-HK2.pdf', 'https://www.fit.hcmus.edu.vn/vn/UserFiles\\7239_TKB-2022_2023_HK2_Lien-thong_22HCB_HK2.pdf']",https://www.fit.hcmus.edu.vn/tin-tuc/d/thoi-khoa-bieu-ly-thuyet-va-thuc-hanh-lop-22hcb-hk2,timetable
Thá»i khÃ³a biá»ƒu cÃ³ phÃ²ng cÃ¡c lá»›p Há»c pháº§n 2 KhÃ³a 33/2023,"
THÃ”NG BÃOThá»i khÃ³a biá»ƒu cÃ³ phÃ²ng cÃ¡c lá»›p Há»c pháº§n 2 KhÃ³a 33/2023Thá»i gian há»c: 15/4 - 30/6/2024 (11 tuáº§n)Â 










STT
MÃ£ MH
TÃªn mÃ´n há»c
GV giáº£ng dáº¡y
ChuyÃªn ngÃ nh
NgÃ y há»c
PhÃ²ng há»c
HÃ¬nh thá»©c thi
HÃ¬nh thá»©c thi


1
MTH063
PhÃ¢n tÃ­ch dá»¯ liá»‡u
  thÃ´ng minh
TS. BÃ¹i Tiáº¿n LÃªn
Khoa há»c
  mÃ¡y tÃ­nh
Thá»© 7 (13g30)
C22
váº¥n
  Ä‘Ã¡p
MÃ´n chung ÄH-ThS


2
MTH020
Xá»­
  lÃ½ ngÃ´n ngá»¯ tá»± nhiÃªn nÃ¢ng cao
PGS.TS.
  Äinh Äiá»n
    TS. Nguyá»…n Há»“ng Bá»­u Long
Thá»© 4 (18g00)
I41
Váº¥n
  Ä‘Ã¡p +Â  Äá»“ Ã¡n
MÃ´n chung ÄH-ThS


3
MTH079
Há»c
  sÃ¢u
TS.
  Nguyá»…n Tiáº¿n Huy
Thá»© 5 (18g30)
Há»™i
  trÆ°á»ng I
Ä‘á»“
  Ã¡n
MÃ´n chung ÄH-ThS


4
MTH055
Khai
  thÃ¡c dá»¯ liá»‡u lá»›n
GS.TS.
  LÃª HoÃ i Báº¯c
Thá»© 6 (18g00)
I23
Äá»“
  Ã¡n
MÃ´n chung ÄH-ThS


1
MTH078
CÃ¡c
  há»‡ thá»‘ng tÆ° váº¥n
PGS.TS.
  LÃª Nguyá»…n HoÃ i Nam
Há»‡ thá»‘ng
  thÃ´ng tin
Chá»§ nháº­t (13g30)
F109
Viáº¿tÂ 
Â 


2
MTH075
Quáº£n trá»‹ dá»± Ã¡n há»‡
  thá»‘ng thÃ´ng tin
PGS.TS.
  Nguyá»…n VÄƒn VÅ©
Thá»© 7 (8g30)
B11B
Váº¥n
  Ä‘Ã¡p
Â 


3
MTH099
PhÃ¢n
  tÃ­ch vÃ  thiáº¿t káº¿ há»‡ thá»‘ng thÃ´ng tin nÃ¢ng cao
TS.
  Pháº¡m Nguyá»…n CÆ°Æ¡ng
Thá»© 5 (18g00)
I92
    NgÃ y 09/5/2024: phÃ²ng I42
Váº¥n
  Ä‘Ã¡p
MÃ´n chung ÄH-ThS


1
MTH064
Há»c
  mÃ¡y á»©ng dá»¥ng
PGS.TS.
  LÃª HoÃ ng ThÃ¡i
TrÃ­ tuá»‡
  nhÃ¢n táº¡o
Chá»§
  nháº­t (14g00)
I42
Ä‘á»“ Ã¡n
Â 


2
MNC
PhÆ°Æ¡ng
  phÃ¡p nghiÃªn cá»©u khoa há»c
PGS.TS.
  VÅ© Háº£i QuÃ¢n
Chá»§
  nháº­t (8g30)
I34
váº¥n Ä‘Ã¡p
MÃ´n chung ÄH-ThS


3
MTH085
Thá»‹
  giÃ¡c mÃ¡y tÃ­nh nÃ¢ng cao
PGS.TS.
  LÃ½ Quá»‘c Ngá»c
Thá»©
  7 (8g30)
C22
Viáº¿tÂ 
MÃ´n chung ÄH-ThS


4
MTH055
Khai
  thÃ¡c dá»¯ liá»‡u lá»›n
GS.TS.
  LÃª HoÃ i Báº¯c
Thá»©
  6 (18g00)
I23
Ä‘á»“ Ã¡n
MÃ´n chung ÄH-ThS

-----BP. GiÃ¡o Vá»¥ SÄH, Khoa CNTTEmail: giaovusdh@fit.hcmus.edu.vnWebsite:Â https://www.fit.hcmus.edu.vn/sau-dai-hocFacebook:Â https://www.facebook.com/sdh.fit.hcmus/
",[],https://www.fit.hcmus.edu.vn/tin-tuc/d/thoi-khoa-bieu-co-phong-cac-lop-hoc-phan-2-khoa-33-2023,timetable
ThÃ´ng bÃ¡o káº¿t quáº£ chÃ­nh thá»©c há»c bá»•ng tÃ¢n sinh viÃªn KhÃ³a 2023,"
1. Káº¿t quáº£ chÃ­nh thá»©c há»c bá»•ng tÃ¢n sinh viÃªn KhÃ³a 2023: file Ä‘Ã­nh kÃ¨m.2.Â Sinh viÃªn cÃ³ tÃªn trong danh sÃ¡ch nháº­n há»c bá»•ngÂ theo dÃµi thÃ´ng bÃ¡o tiáº¿p theo trÃªn website Khoa Ä‘á»ƒ biáº¿t thá»i Ä‘iá»ƒm chuyá»ƒn khoáº£n há»c bá»•ng.
",['https://www.fit.hcmus.edu.vn/vn/UserFiles\\7494_QD-BH-TSV-2023.pdf'],https://www.fit.hcmus.edu.vn/tin-tuc/d/thong-bao-ket-qua-chinh-thuc-hoc-bong-tan-sinh-vien-khoa-2023,scholarship
"ÄÄƒng kÃ½ há»c bá»•ng ""HÃ nh trang hÆ°á»›ng nghiá»‡p"" há»c ká»³ 2, NH 2023 - 2024","
Nháº±m khen thÆ°á»Ÿng cho nhá»¯ng sinh viÃªn cÃ³ thÃ nh tÃ­ch xuáº¥t sáº¯c, tÃ­ch cá»±c trong hoáº¡t Ä‘á»™ng xÃ£ há»™i hoáº·c nhá»¯ng sinh viÃªn cÃ³ hoÃ n cáº£nh khÃ³ khÄƒn pháº¥n Ä‘áº¥u vÆ°Æ¡n lÃªn trong há»c táº­p. CÃ´ng ty TNHH pháº§n má»m FPT HCM cÃ³ nhá»¯ng suáº¥t há»c bá»•ng ""HÃ nh trang hÆ°á»›ng nghiá»‡p"" nháº±m khuyáº¿n khÃ­ch, Ä‘á»™ng viÃªnÂ  cho cÃ¡c báº¡n sinh viÃªn Khoa CNTT, trÆ°á»ng ÄH Khoa há»c Tá»± nhiÃªn tá»± tin hÆ¡n trÃªn con Ä‘Æ°á»ng há»c táº­p phÃ­a trÆ°á»›c.Há»’ SÆ  YÃŠU Cáº¦UTÃªn doanh nghiá»‡pSá»‘ suáº¥tChi tiáº¿tCÃ´ng ty TNHH pháº§n má»m FPT HCM6Äiá»ƒm trung bÃ¬nh tá»‘i thiá»ƒu: 3 (Thang Ä‘iá»ƒm 4)Há»“ sÆ¡ bao gá»“m:Báº£ng Ä‘iá»ƒm tiáº¿ng Viá»‡tCV tiáº¿ng Viá»‡tThÆ° ngá»CÃ´ng Ty VNG5Äiá»ƒm trung bÃ¬nh tá»‘i thiá»ƒu: 8.5 (Thang Ä‘iá»ƒm 10)5 sinh viÃªn nÄƒm nháº¥t cÃ³ Ä‘iá»ƒm trung bÃ¬nh HK1/ 2023 - 2024 cao nháº¥t cá»§a chÆ°Æ¡ng trÃ¬nh cá»­ nhÃ¢n tÃ i nÄƒngHá»“ sÆ¡ bao gá»“m:Báº£ng Ä‘iá»ƒm tiáº¿ng Viá»‡tCV tiáº¿ng Viá»‡tCÃCH THá»¨C á»¨NG TUYá»‚NSinh viÃªn Ä‘Äƒng nháº­p trÃªn trang Há»‡ thá»‘ng Sinh viÃªn Ä‘á»ƒ xem yÃªu cáº§u há»“ sÆ¡, thÃ´ng tin tá»«ng há»c bá»•ng vÃ  Ä‘Äƒng kÃ½:https://www.fit.hcmus.edu.vn/vn/Default.aspx?tabid=1024(TÃ i khoáº£n Ä‘Äƒng nháº­p: MSSV; Máº­t kháº©u: NgÃ y thÃ¡ng nÄƒm sinh)Thá»i gian Ä‘Äƒng kÃ½: tá»« nay Ä‘áº¿n háº¿t ngÃ y 20/03/2024LÆ°u Ã½:Má»—i sinh viÃªn Ä‘Æ°á»£c ná»™p há»“ sÆ¡Â  tá»‘i Ä‘a 2 cÃ´ng ty vÃ  nháº­n há»c bá»•ng cá»§a 1 cÃ´ng ty.Sinh viÃªn nháº­n há»c bá»•ng HÃ ng trang hÆ°á»›ng nghiá»‡p 1 láº§n/ nÄƒm há»cBáº£ng Ä‘iá»ƒm tá»•ng káº¿t (báº£ng scan hoáº·c áº£nh chá»¥p báº£ng Ä‘iá»ƒm cÃ³ dáº¥u má»™c xin tá»« phÃ²ng ÄÃ o táº¡o)Sinh viÃªn chÃº Ã½ Ä‘iá»‡n thoáº¡i vÃ  email cá»§a cÃ¡c Doanh nghiá»‡p trong trÆ°á»ng há»£p Ä‘Æ°á»£c háº¹n phá»ng váº¥nTHÃ”NG TIN LIÃŠN Há»†Bá»™ pháº­n Trá»£ lÃ½ sinh viÃªn: tlsv@fit.hcmus.edu.vn
",[],https://www.fit.hcmus.edu.vn/tin-tuc/d/dang-ky-hoc-bong-hanh-trang-huong-nghiep-hoc-ky-2-nh-2023-2024,scholarship
ThÃ´ng bÃ¡o chÆ°Æ¡ng trÃ¬nh há»c bá»•ng cá»§a Táº­p Ä‘oÃ n Äiá»‡n lá»±c Viá»‡t Nam nÄƒm há»c 2023-2024,"
CÄƒn cÆ°Ì thoÌ‰a thuÃ¢Ì£n hÆ¡Ì£p taÌc giÆ°Ìƒa ÄaÌ£i hoÌ£c QuÃ´Ìc gia ThaÌ€nh phÃ´Ì HÃ´Ì€ ChiÌ Minh (ÄHQG-HCM) vaÌ€ TÃ¢Ì£p Ä‘oaÌ€n ÄiÃªÌ£n lÆ°Ì£c ViÃªÌ£t Nam (EVN), nháº±m má»¥c Ä‘Ã­ch há»— trá»£ sinh viÃªn táº¡i cÃ¡c cÆ¡ sá»Ÿ Ä‘Ã o táº¡o thÃ nh viÃªn, trá»±c thuá»™c ÄaÌ£i hoÌ£c QuÃ´Ìc gia ThaÌ€nh phÃ´Ì HÃ´Ì€ ChiÌ Minh (ÄHQG-HCM) cÃ³ thÃ nh tÃ­ch há»c táº­p giá»i, rÃ¨n luyá»‡n tá»‘t, TÃ¢Ì£p Ä‘oaÌ€n ÄiÃªÌ£n lÆ°Ì£c ViÃªÌ£t Nam (EVN) triá»ƒn khai chÆ°Æ¡ng trÃ¬nh há»c bá»•ng EVN nÄƒm há»c 2023 â€“ 2024, chi tiÃªÌt nhÆ° sau:Sá»‘ lÆ°á»£ng há»c bá»•ng cá»§a Sinh viÃªn TrÆ°á»ng ÄH Khoa há»c Tá»± NhiÃªn:15 suáº¥tGiÃ¡ trá»‹ há»c bá»•ng: 10.000.000 Ä‘Ã´Ì€ng/suáº¥tÄiÃªÌ€u kiÃªÌ£n nháº­n há»c bá»•ng:Sinh viÃªn khÃ³a 2020, 2021 báº­c Ä‘áº¡i há»c chÃ­nh quy, Ä‘ang theo hoÌ£c thuÃ´Ì£c caÌc chuyÃªn ngaÌ€nh sau: nÄƒng lÆ°á»£ng, tá»± Ä‘á»™ng hÃ³a, nhiá»‡t, Ä‘iá»‡n tá»­ viá»…n thÃ´ng vÃ  cÃ´ng nghá»‡ thÃ´ng tin;Káº¿t quáº£ há»c táº­p hoÌ£c kyÌ€ 1 nÄƒm há»c 2023-2024 Ä‘áº¡t tá»« 8.0 Ä‘iá»ƒm trá»Ÿ lÃªn; kÃªÌt quaÌ‰ reÌ€n luyÃªÌ£n hoÌ£c kyÌ€ 1 nÄƒm há»c 2023-2024 Ä‘aÌ£t loaÌ£i tÃ´Ìt trÆ¡Ì‰ lÃªn;ChÆ°a nháº­n há»c bá»•ng thÆ°á»ng ká»³ cá»§a báº¥t cá»© tá»• chá»©c, cÃ¡ nhÃ¢n nÃ o trong nÄƒm há»c 2023-2024HoÃ n cáº£nh gia Ä‘Ã¬nh khÃ³ khÄƒn, hoáº·c con thÆ°Æ¡ng binh, liá»‡t sÄ©, dÃ¢n tá»™c thiá»ƒu sá»‘ hoáº·c trÆ°á»ng há»£p khÃ³ khÄƒn khÃ¡c (tiÃªu chÃ­ Æ°u tiÃªn);TÃ­ch cá»±c tham gia cÃ¡c hoáº¡t Ä‘á»™ng xÃ£ há»™i (tiÃªu chÃ­ Æ°u tiÃªn) nhÆ°: hiáº¿n mÃ¡u nhÃ¢n Ä‘áº¡o, thanh niÃªn tÃ¬nh nguyá»‡n há»— trá»£ Ä‘á»“ng bÃ£o lá»¥t, thiÃªn tai, giao thÃ´ng hoáº·c cÃ¡c hÃ¬nh thá»©c khÃ¡c.HÃ´Ì€ sÆ¡ hoÌ£c bÃ´Ì‰ng bao gá»“m:ÄÆ¡n xin há»c bá»•ng (SV tá»± viáº¿t)Tá» khai thÃ´ng tin (theo máº«u).Báº£ng Ä‘iá»ƒm kÃªÌt quaÌ‰ hoÌ£c tÃ¢Ì£p vÃ  báº£ng Ä‘iá»ƒm reÌ€n luyÃªÌ£n HK1 nÄƒm há»c 2023-2024 cÃ³ xÃ¡c nháº­n cá»§a nhÃ  trÆ°á»ng.GiÃ¢Ìy xaÌc nhÃ¢Ì£n hoaÌ€n caÌ‰nh (nÃªÌu coÌ).GiÃ¢Ìy chÆ°Ìng nhÃ¢Ì£n tham gia caÌc hoaÌ£t Ä‘Ã´Ì£ng xaÌƒ hÃ´Ì£i (nÃªÌu coÌ).Äá»‹a Ä‘iá»ƒm vÃ  thá»i gian ná»™p há»“ sÆ¡Sinh viÃªnÂ  sáº½ scan toÃ n bá»™ há»“ sÆ¡ thÃ nh 1 file pdf vÃ  sá»­ dá»¥ng email SV Ä‘á»ƒ ná»™p há»“ sÆ¡ qua link https://forms.office.com/r/Rxai2aP8MA vÃ  ná»™p báº£n cá»©ng táº¡i PhÃ²ng CÃ´ng tÃ¡c Sinh viÃªn (PhÃ²ng A.02, cÆ¡ sá»Ÿ Nguyá»…n VÄƒn Cá»«) tá»« ngÃ y ra thÃ´ng bÃ¡o Ä‘áº¿n 16g30 ngÃ y 30/5/2024 .Thá»i gian: sÃ¡ng tá»« 8g00 Ä‘áº¿n 11g00, chiá»u tá»« 13g30 Ä‘áº¿n 16g30./.
",['https://www.fit.hcmus.edu.vn/vn/UserFiles\\7708_2024-To-khai-hoc-bong-EVN.docx'],https://www.fit.hcmus.edu.vn/tin-tuc/d/thong-bao-chuong-trinh-hoc-bong-cua-tap-doan-dien-luc-viet-nam-nam-hoc-2023-2024,scholarship
Há»c bá»•ng ChÃ­nh phá»§ Italia Maeci nÄƒm há»c 2024-2025,"
ThÃ´ng tin tá»« Äáº¡i sá»© quÃ¡n Italia vá» Há»c bá»•ng ChÃ­nh phá»§ Italia Maeci nÄƒm há»c 2024-2025 dÃ nh cho cÃ¡c khoÃ¡ há»c Tháº¡c sÄ©; cÃ¡c khÃ³a há»c vá» Nghá»‡ thuáº­t, Ã‚m nháº¡c vÃ  KhiÃªu vÅ©; Tiáº¿n sÄ©; NghiÃªn cá»©u sinh; CÃ¡c khÃ³a há»c ngáº¯n háº¡n vá» NgÃ´n ngá»¯ vÃ  VÄƒn hÃ³a Ã táº¡i cÃ¡c trÆ°á»ng Äáº¡i há»c hÃ ng Ä‘áº§u cá»§a Italia; cá»¥ thá»ƒ nhÆ° sau:1. GiÃ¡ trá»‹ há»c bá»•ng: cÃ¡c khoáº£n há»— trá»£ bao gá»“m há»c phÃ­, báº£o hiá»ƒm y táº¿, 1000 Euro sinh hoáº¡t phÃ­ má»—i thÃ¡ng cho cÃ¡c chÆ°Æ¡ng trÃ¬nh sau á»Ÿ Ã:Â Â Tháº¡c sÄ© (â€œLaurea Magistrale 2 Â° cicloâ€);CÃ¡c khoÃ¡ Äáº¡i há»c/Tháº¡c sÄ© vá» Nghá»‡ thuáº­t, Ã‚m nháº¡c vÃ  KhiÃªu vÅ© (AFAM);Tiáº¿n sÄ©;NghiÃªn cá»©u (â€œProgetti in co-tutelaâ€);CÃ¡c khÃ³a há»c vá» VÄƒn hÃ³a vÃ  NgÃ´n ngá»¯ Ã.*LÆ°u Ã½ vá» cÃ¡c khoáº£n há»— trá»£ cá»§a há»c bá»•ng MAECI:á»¨ng viÃªn tham gia KhÃ³a há»c NgÃ´n ngá»¯ vÃ  VÄƒn hÃ³a Ã sáº½ nháº­n Ä‘Æ°á»£c 3000 euro cho 3 thÃ¡ng;á»¨ng viÃªn tham gia KhÃ³a tháº¡c sÄ© sáº½ nháº­n Ä‘Æ°á»£c 9000 euro cho 9 thÃ¡ng;Vá» há»c phÃ­: Má»™t sá»‘ trÆ°á»ng Äáº¡i há»c miá»…n há»c phÃ­ cho sinh viÃªn Ä‘Æ°á»£c cáº¥p há»c bá»•ng Maeci, tÃ¹y thuá»™c vÃ o chÃ­nh sÃ¡ch cá»§a tá»«ng trÆ°á»ng. Tuy nhiÃªn viá»‡c miá»…n há»c phÃ­ khÃ´ng Ã¡p dá»¥ng cho cÃ¡c KhÃ³a há»c vá» NgÃ´n ngá»¯ vÃ  VÄƒn hÃ³a Ã;Há»c bá»•ng khÃ´ng chi tráº£ chi phÃ­ Ä‘i láº¡i (mÃ¡y bay).2. Thá»i gian: Háº¡n chÃ³t Ä‘á»ƒ ná»™p há»“ sÆ¡ tá»« Viá»‡t Nam lÃ  19h (giá» HÃ  Ná»™i) ngÃ y 14/06/2024. Viá»‡c ná»™p há»“ sÆ¡ chá»‰ Ä‘Æ°á»£c thá»±c hiá»‡n qua cá»•ng thÃ´ng tin trá»±c tuyáº¿n Study in Italy (link: https://studyinitaly.esteri.it/).3. ThÃ´ng tin liÃªn há»‡:ThÃ´ng tin chi tiáº¿t, vui lÃ²ng tham kháº£o website cá»§a chÆ°Æ¡ng trÃ¬nh táº¡i: https://studyinitaly.esteri.it/ListaBandi hoáº·c liÃªn há»‡ VÄƒn phÃ²ng Uni-Italia Viá»‡t Nam:Email: info@uni-italia.vnÄiá»‡n thoáº¡i: 02438240579Hotline: 096.888.5484Website: https://duhocy.vn/faq-maeci/
",[],https://www.fit.hcmus.edu.vn/tin-tuc/d/hoc-bong-chinh-phu-italia-maeci-nam-hoc-2024-2025,scholarship
ThÃ´ng tin Há»c bá»•ng Le So Memorial Scholarship of Excellence,"
LSMSE cÃ³ tÃªn Ä‘áº§y Ä‘á»§ lÃ  Le So (LÃª Sá»Ÿ) Memorial Scholarship of Excellence, lÃ  má»™t trong nhá»¯ng há»c bá»•ng Ä‘Æ°á»£c Sunflower Mission láº­p ra vá»›i sá»© má»‡nh giÃºp Ä‘á»¡ cÃ¡c há»c sinh/sinh viÃªn xuáº¥t sáº¯c cÃ³ hoÃ n cáº£nh khÃ³ khÄƒn á»Ÿ Viá»‡t Nam, táº¡o Ä‘iá»u kiá»‡n tá»‘t nháº¥t cho cÃ¡c em theo Ä‘uá»•i vÃ  thá»±c hiá»‡n giáº¥c mÆ¡ theo há»c Ä‘áº¡i há»c.CÃCH THá»¨C á»¨NG TUYá»‚NCÃ¡c báº¡n á»©ng viÃªn hoÃ n thÃ nh Ä‘Æ¡n á»©ng tuyá»ƒn trá»±c tuyáº¿n táº¡i Ä‘Ã¢y:Link: https://form.jotform.com/232172441705449Äá»I TÆ¯á»¢NG TRAO Há»ŒC Bá»”NGHá»c sinh Ä‘áº­u Äáº¡i há»c cÃ³ tá»•ng Ä‘iá»ƒm thi tá»‘i thiá»ƒu 24/30 hoáº·c Sinh viÃªn vá»«a hoÃ n thÃ nh HKI, HKII nÄƒm nháº¥t vá»›i Ä‘iá»ƒm trung bÃ¬nh má»—i ká»³ tá»‘i thiá»ƒu 8.0/10 hoáº·c 3.2/4.0. TrÆ°á»ng há»£p chÆ°a hoÃ n thÃ nh HKII cÃ³ thá»ƒ bá»• sung báº£ng Ä‘iá»ƒm sau.DÃ nh cho sinh viÃªn táº¥t cáº£ cÃ¡c ngÃ nh há»c (Æ°u tiÃªn sinh viÃªn cÃ¡c khá»‘i ngÃ nh STEAM) thuá»™c cÃ¡c trÆ°á»ng Ä‘áº¡i há»c trÃªn toÃ n quá»‘c.Â CÃ³ hoÃ n cáº£nh khÃ³ khÄƒn (cÃ³ thá»ƒ xem xÃ©t tá»«ng trÆ°á»ng há»£p náº¿u khÃ´ng cÃ³ sá»• há»™ nghÃ¨o).GIÃ TRá»Š Há»ŒC Bá»”NG2000 USD/nÄƒm/suáº¥t theo tá»· giÃ¡ hiá»‡n hÃ nh cho toÃ n bá»™ chÆ°Æ¡ng trÃ¬nh Ä‘áº¡i há»c, miá»…n lÃ  báº¡n váº«n Ä‘Ã¡p á»©ng Ä‘á»§ Ä‘iá»u kiá»‡n cá»§a há»c bá»•ng liÃªn tá»¥c trong suá»‘t thá»i gian há»c. Há»c bá»•ng sáº½ Ä‘Æ°á»£c phÃ¡t theo tá»«ng há»c ká»³ (1000$/há»c ká»³).Â Nháº­n Ä‘Æ°á»£c sá»± há»— trá»£ Ä‘áº¿n tá»« cÃ¡c anh chá»‹ Mentor trong suá»‘t quÃ¡ trÃ¬nh há»c táº­p.Â CÆ¡ há»™i tham gia vÃ o cÃ¡c chÆ°Æ¡ng trÃ¬nh há»— trá»£ nhÆ° English Initiative - cáº£i thiá»‡n kÄ© nÄƒng tiáº¿ng anh vÃ  cÃ¡c hoáº¡t Ä‘á»™ng hÆ°á»›ng Ä‘áº¿n cá»™ng Ä‘á»“ng nhÆ° Trá»n, ThÆ° viá»‡n H.O.P.E. Qua Ä‘Ã³, má»—i sinh viÃªn sáº½ tÃ­ch lÅ©y Ä‘Æ°á»£c nhiá»u kinh nghiá»‡m cÅ©ng nhÆ° lÃ  ká»¹ nÄƒng thiáº¿t yáº¿u.Â QUY TRÃŒNH XÃ‰T TUYá»‚NCÃ¡c báº¡n vui lÃ²ng Ä‘á»c tháº­t ká»¹ cÃ¡c má»‘c thá»i gian sau:10/8 - 10/9: Má»Ÿ Ä‘Æ¡n á»©ng tuyá»ƒn.13/9 - 14/9: Gá»­i email káº¿t quáº£ vÃ²ng Ä‘Æ¡n.16/9 - 24/9: Phá»ng váº¥n.02/10: ThÃ´ng bÃ¡o káº¿t quáº£.Â LSMSE luÃ´n mong cÃ³ thá»ƒ há»— trá»£ vÃ  Ä‘á»“ng hÃ nh cÃ¹ngÂ  cÃ¡c báº¡n sinh viÃªn trÃªn con Ä‘Æ°á»ng há»c váº¥n sáº¯p tá»›i. Váº­y nÃªn Ä‘á»«ng Ä‘áº¯n Ä‘o, báº¡n hÃ£y tá»± tin náº¯m báº¯t cÆ¡ há»™i Ä‘á»ƒ cÃ³ thá»ƒ trá»Ÿ thÃ nh má»™t thÃ nh viÃªn GEN 7.1 â€“ LSMSEer nhÃ©!Náº¿u cÃ¡c báº¡n cÃ³ tháº¯c máº¯c, cá»© thoáº£i mÃ¡i liÃªn há»‡ vá» fanpage Há»c Bá»•ng LSMSE Ä‘á»ƒ Ä‘Æ°á»£c giáº£i Ä‘Ã¡p táº­n tÃ¬nh nhÃ©!Xem thÃªm Brochure LSMSE 2023: http://bit.ly/43YexjN--------------------------------------------Â Le So Memorial Scholarship of Excellence (LSMSE)Â Website: https://www.sunflowermission.org (English)Â LSMSE: https://sites.google.com/view/lsmseÂ Ms. HoÌ‚Ì€ng PhuÌ›oÌ›Ìc (Zenda): 0932 778 693 hoaÌ£Ì†c lsmse-scholarship@sunflowermission.org
",[],https://www.fit.hcmus.edu.vn/tin-tuc/d/thong-tin-hoc-bong-le-so-memorial-scholarship-of-excellence,scholarship
"[CQ] Thá»© tá»± báº£o vá»‡, thá»i gian báº£o vá»‡, danh sÃ¡ch giáº£ng viÃªn pháº£n biá»‡n KLTN - TTDATN khÃ³a 2020, Ä‘á»£t 2 (T7, 8/2024)","
THÃ”NG BÃOThá»© tá»± báº£o vá»‡, thá»i gian báº£o vá»‡, danh sÃ¡ch giáº£ng viÃªn pháº£n biá»‡n KLTN - TTDATN khÃ³a 2020, Ä‘á»£t 2Sinh viÃªn ÄHCQ ChÆ°Æ¡ng trÃ¬nh Chuáº©n xem thá»© tá»± báº£o vá»‡, danh sÃ¡ch GiÃ¡o viÃªn pháº£n biá»‡n KhÃ³a luáº­n tá»‘t nghiá»‡p vÃ  Thá»±c táº­p dá»± Ã¡n tá»‘t nghiá»‡p KhÃ³a 2020 - Ä‘á»£t 2 (báº£o vá»‡ T7, 8/2024) trong file Ä‘Ã­nh kÃ¨m.Â Thá»i gian báº£o vá»‡ cÃ¡c Há»™i Ä‘á»“ng nhÆ° sau:Â THá»°C Táº¬P Dá»° ÃN Tá»T NGHIá»†P: ngÃ y 27/7/2024Há»™i Ä‘á»“ng Ká»¹ thuáº­t pháº§n má»m: 8g00, phÃ²ng C42, C43A, C41Há»™i Ä‘á»“ng Máº¡ng mÃ¡y tÃ­nh vÃ  viá»…n thÃ´ng: 8g00, phÃ²ng C43BHá»™i Ä‘á»“ng Há»‡ thá»‘ng thÃ´ng tin: 13g30, phÃ²ng C41Há»™i Ä‘á»“ng CÃ´ng nghá»‡ tri thá»©c: 13g30, phÃ²ng C42Há»™i Ä‘á»“ng Khoa há»c mÃ¡y tÃ­nh: 13g30, phÃ²ng C43AKHÃ“A LUáº¬N Tá»T NGHIá»†P: (27/7 - 08/8/2024)Há»™i Ä‘á»“ng Máº¡ng mÃ¡y tÃ­nh vÃ  viá»…n thÃ´ng: 9g00, ngÃ y 27/7/2024Há»™i Ä‘á»“ng Khoa há»c mÃ¡y tÃ­nh 1: 7g30, ngÃ y 29/7/2024Há»™i Ä‘á»“ng Khoa há»c mÃ¡y tÃ­nh 3: 7g30, ngÃ y 30/7/2024Há»™i Ä‘á»“ng Khoa há»c mÃ¡y tÃ­nh 2: 7g30, ngÃ y 31/7/2024Há»™i Ä‘á»“ng Ká»¹ thuáº­t pháº§n má»m: 8g00, ngÃ y 02/8/2024Há»™i Ä‘á»“ng CÃ´ng nghá»‡ tri thá»©c 1: 7g30, ngÃ y 05/8/2024Há»™i Ä‘á»“ng CÃ´ng nghá»‡ tri thá»©c 2: 9g00, ngÃ y 05/8/2024Há»™i Ä‘á»“ng Há»‡ thá»‘ng thÃ´ng tin: 13g30, ngÃ y 07/8/2024Há»™i Ä‘á»“ng Thá»‹ giÃ¡c mÃ¡y tÃ­nh: 8g00, ngÃ y 08/8/2024LÆ°u Ã½:SV báº¯t buá»™c liÃªn há»‡ vÃ  gáº·p GVPB trÆ°á»›c khi báº£o vá»‡ Ã­t nháº¥t 7 ngÃ y trÆ°á»›c ngÃ y báº£o vá»‡. Náº¿u SV khÃ´ng gáº·p pháº£n biá»‡n trÆ°á»›c báº£o vá»‡, Khoa sáº½ há»§y báº£o vá»‡ vÃ  SV pháº£i nháº­n Ä‘iá»ƒm 0 cá»§a há»c pháº§n tá»‘t nghiá»‡p trong HK2/23-24Tham dá»± buá»•i hÆ°á»›ng dáº«n báº£o vá»‡ vÃ o 15g00 ngÃ y 22/6/2024.Ná»™p Ä‘Æ¡n báº£o vá»‡ vÃ o 01/7/2024.GIÃO Vá»¤ KHOA CNTT
","['https://www.fit.hcmus.edu.vn/vn/UserFiles\\7738_CQ-Thu-tu-bao-ve-TTDATN-K2020-dot-2.pdf', 'https://www.fit.hcmus.edu.vn/vn/UserFiles\\7739_FIT-HCMUS_Huong-dan-bv-KLTN-TTDATN-K2020-2.pdf', 'https://www.fit.hcmus.edu.vn/vn/UserFiles\\7740_CQ-Thu-tu-bao-ve-KLTN-K2020-dot-2.pdf']",https://www.fit.hcmus.edu.vn/tin-tuc/d/cq-thu-tu-bao-ve-thoi-gian-bao-ve-danh-sach-giang-vien-phan-bien-kltn-ttdatn-khoa-2020-dot-2-t7-8-2024,academic_affairs
V/v nháº­n Ä‘Æ¡n phÃºc kháº£o HK2/2022-2023 lá»›p 21HCB,"
ThÃ´ng bÃ¡oSinh viÃªn lá»›p 21HCB xem thÃ´ng bÃ¡o v/v ná»™p Ä‘Æ¡n phÃºc kháº£o HK2 nÄƒm há»c 2022-2023 trong file Ä‘Ã­nh kÃ¨m.GiÃ¡o vá»¥ khoa CNTT
",[],https://www.fit.hcmus.edu.vn/tin-tuc/d/v-v-nhan-don-phuc-khao-hk2-2022-2023-lop-21hcb,academic_affairs
ThÃ´ng bÃ¡o vá» viá»‡c Ä‘Äƒng kÃ½ Ä‘á» tÃ i luáº­n vÄƒn tháº¡c sÄ© khoÃ¡ 32/2022 - Ä‘á»£t 2,"
CÄƒn cá»© theo káº¿ hoáº¡ch há»c táº­p cá»§a KhÃ³a 32/2022, Khoa CNTT chuyá»ƒn tiáº¿p Ä‘áº¿n cÃ¡c há»c viÃªn cao há»c KhÃ³a 32/2022 thÃ´ng bÃ¡o tá»« PhÃ²ng Ä‘Ã o táº¡o sau Ä‘áº¡i há»c vá» viá»‡c Ä‘Äƒng kÃ½ Ä‘á» tÃ i luáº­n vÄƒn tháº¡c sÄ© Ä‘á»£t 2 nhÆ° sau:1. Äá»‘i tÆ°á»£ng Ä‘Äƒng kÃ½:Â Há»c viÃªn Ä‘Äƒng kÃ½ há»c theo phÆ°Æ¡ng thá»©c 2, 3.Â Äá»‘i vá»›i cÃ¡c há»c viÃªn Ä‘Äƒng kÃ½ há»c theo phÆ°Æ¡ng thá»©c 1, náº¿u chÆ°a cÃ³ Ä‘á» tÃ i thÃ¬ Ä‘Äƒng kÃ½ bá»• sung Ä‘á»£t nÃ y.2. Há»“ sÆ¡ Ä‘Äƒng kÃ½ gá»“m cÃ³:â€“ Phiáº¿u Ä‘Äƒng kÃ½ Ä‘á» tÃ i (Máº«u Ä‘Ã­nh kÃ¨m)â€“ Äá» cÆ°Æ¡ng luáº­n vÄƒn tháº¡c sÄ© (Máº«u Ä‘Ã­nh kÃ¨m)3. Thá»i gian Ä‘Äƒng kÃ½ vÃ  thá»±c hiá»‡n Ä‘á» tÃ i luáº­n vÄƒn tháº¡c sÄ© nhÆ° sau:â€“Â Há»c viÃªn Ä‘iá»n thÃ´ng tin Ä‘Äƒng kÃ½ táº¡i link:Â http://tinyurl.com/dkdetaik32â€“Â Há»c viÃªn ná»™p phiáº¿u Ä‘Äƒng kÃ½ Ä‘á» tÃ i vÃ  Ä‘á» cÆ°Æ¡ng luáº­n vÄƒn tháº¡c sÄ© cÃ³ chá»¯ kÃ½ cá»§a giáº£ng viÃªn hÆ°á»›ng dáº«nÂ táº¡i VÄƒn phÃ²ng Khoa CNTT (phÃ²ng I53)Â tá»« ngÃ yÂ 04/6Â Ä‘áº¿n háº¿t ngÃ yÂ 24/6/2024Â (thá»© 2 - thá»© 6: sÃ¡ng tá»« 8g00-12g00, chiá»u tá»« 13g30 - 17g00)â€“ Thá»i gian thá»±c hiá»‡n Ä‘á» tÃ i luáº­n vÄƒn tháº¡c sÄ©: tá»« thÃ¡ng 07/2024 Ä‘áº¿n thÃ¡ng 11/2024â€“ Thá»i gian trÃ¬nh luáº­n vÄƒn tháº¡c sÄ©: thÃ¡ng 12/20244. Quy Ä‘á»‹nh Ä‘á»‘i vá»›i ngÆ°á»i hÆ°á»›ng dáº«nÂ luáº­n vÄƒn, Ä‘á»“ Ã¡n:â€“Â Â Má»—i há»c viÃªn cÃ³ má»™t hoáº·c hai giáº£ng viÃªn hÆ°á»›ng dáº«n luáº­n vÄƒn/Ä‘á»“ Ã¡n tá»‘t nghiá»‡p, trong Ä‘Ã³ cÃ³ Ã­t nháº¥t má»™t giáº£ng viÃªn lÃ  cÆ¡ há»¯u cá»§a ÄHQG-HCMâ€“Â Â Giáº£ng viÃªn hÆ°á»›ng dáº«n vÃ  Ä‘á»“ng hÆ°á»›ng dáº«n Ä‘áº£m báº£o cÃ¡c Ä‘iá»u kiá»‡n sau:a) Äáº¡t trÃ¬nh Ä‘á»™ tiáº¿n sÄ© trá»Ÿ lÃªn, chuyÃªn mÃ´n phÃ¹ há»£p vá»›i hÆ°á»›ng Ä‘á» tÃ i cá»§a há»c viÃªn.b) Báº£o Ä‘áº£m Ä‘á»§ nÄƒng lá»±c ngoáº¡i ngá»¯, á»©ng dá»¥ng cÃ´ng nghá»‡ thÃ´ng tin Ä‘á»ƒ giáº£ng dáº¡y, nghiÃªn cá»©u vÃ  trao Ä‘á»•i khoa há»c quá»‘c táº¿.c) CÃ³ káº¿t quáº£ nghiÃªn cá»©u khoa há»c liÃªn quan Ä‘áº¿n lÄ©nh vá»±c nghiÃªn cá»©u cá»§a ngÆ°á»i há»c trong thá»i gian 5 nÄƒm tÃ­nh Ä‘áº¿n thá»i Ä‘iá»ƒm Ä‘Æ°á»£c giao hÆ°á»›ng dáº«n-----BP. GiÃ¡o Vá»¥ SÄH, Khoa CNTTEmail: giaovusdh@fit.hcmus.edu.vnWebsite:Â https://www.fit.hcmus.edu.vn/sau-dai-hocFacebook:Â https://www.facebook.com/sdh.fit.hcmus/
",[],https://www.fit.hcmus.edu.vn/tin-tuc/d/thong-bao-ve-viec-dang-ky-de-tai-luan-van-thac-si-khoa-32-2022-dot-2,academic_affairs
V/v nháº­n Ä‘Æ¡n phÃºc kháº£o HK2/2022-2023 lá»›p 21HCB,"
ThÃ´ng bÃ¡oSinh viÃªn lá»›p 21HCB xem thÃ´ng bÃ¡o v/v ná»™p Ä‘Æ¡n phÃºc kháº£o HK2 nÄƒm há»c 2022-2023 trong file Ä‘Ã­nh kÃ¨m.GiÃ¡o vá»¥ khoa CNTT
",[],https://www.fit.hcmus.edu.vn/tin-tuc/d/v-v-nhan-don-phuc-khao-hk2-2022-2023-lop-21hcb,academic_affairs
[CNTN] Má»i tham dá»± buá»•i báº£o vá»‡ KhÃ³a luáº­n tá»‘t nghiá»‡p lá»›p CNTN2020 (15/8 - 25/8/2024),"
THÃ”NG BÃOBp. GiÃ¡o vá»¥ thÃ´ng bÃ¡o Ä‘áº¿n cÃ¡c báº¡n danh sÃ¡ch vÃ  thá»© tá»± báº£o vá»‡ cÃ¡c Ä‘á» tÃ i KhoÃ¡ luáº­n tá»‘t nghiá»‡p cá»§a sinh viÃªn lá»›p Cá»­ nhÃ¢n tÃ i nÄƒng KhÃ³a 2020. Má»i cÃ¡c báº¡n sinh viÃªn quan tÃ¢m Ä‘áº¿n tham dá»± cÃ¡c buá»•i báº£o vá»‡ vá»›i cÃ¡c thÃ´ng tin sau:Há»™i Ä‘á»“ng Cá»­ nhÃ¢n tÃ i nÄƒng 4: 8g00 ngÃ y 15/8/2024, PhÃ²ng C32BHá»™i Ä‘á»“ng Cá»­ nhÃ¢n tÃ i nÄƒng 6: 13g30 ngÃ y 15/8/2024, PhÃ²ng C32BHá»™i Ä‘á»“ng Cá»­ nhÃ¢n tÃ i nÄƒng 7: 7g30 ngÃ y 16/8/2024, PhÃ²ng C41Há»™i Ä‘á»“ng Cá»­ nhÃ¢n tÃ i nÄƒng 2: 8g00 ngÃ y 19/8/2024, PhÃ²ng F205BHá»™i Ä‘á»“ng Cá»­ nhÃ¢n tÃ i nÄƒng 5: 13g30 ngÃ y 22/8/2024, PhÃ²ng C22Há»™i Ä‘á»“ng Cá»­ nhÃ¢n tÃ i nÄƒng 3: 8g00 ngÃ y 25/8/2024, PhÃ²ng C22Danh sÃ¡ch Ä‘á» tÃ i vÃ  thá»© tá»± báº£o vá»‡ cÃ¡c báº¡n vui lÃ²ng xem táº¡i file Ä‘Ã­nh kÃ¨m.GIÃO Vá»¤ KHOA CNTT
",['https://www.fit.hcmus.edu.vn/vn/UserFiles\\7772_CNTN-Thu-tu-bao-ve-Khoa-luan-tot-nghiep-K2020.pdf'],https://www.fit.hcmus.edu.vn/tin-tuc/d/cntn-moi-tham-du-buoi-bao-ve-khoa-luan-tot-nghiep-lop-cntn2020-15-8-25-8-2024,academic_affairs
THI Äáº¤U CODE TOUR - CÆ  Há»˜I â€œNÃ‚NG Cáº¤Pâ€ TOÃ€N DIá»†N Ká»¸ NÄ‚NG Láº¬P TRÃŒNH DÃ€NH CHO Báº N ğŸ‘¨â€ğŸ’»,"
ÄÄƒng kÃ½ ngay: https://bit.ly/4bWtGGL Äáº¿m ngÆ°á»£c 04 ngÃ y Ä‘áº¿n vá»›i Code Challenge #1, Code Tour Ä‘Ã£ Ä‘Ã³n nháº­n hÆ¡n 700 lÆ°á»£t Ä‘Äƒng kÃ½ tá»« cá»™ng Ä‘á»“ng Ä‘am mÃª cÃ´ng nghá»‡ trÃªn toÃ n quá»‘c. Äá»ƒ tiáº¿p thÃªm tá»± tin chinh phá»¥c giáº£i Ä‘áº¥u, cÃ¹ng láº¯ng nghe nhá»¯ng lá»i â€œreviewâ€ vá» cÆ¡ há»™i cÃ³ Ä‘Æ°á»£c khi thi Ä‘áº¥u cÃ¹ng Code Tour nhÃ©:CÆ¡ há»™i nuÃ´i dÆ°á»¡ng ná»n láº­p trÃ¬nhLÃ  cÃ¡c láº­p trÃ¬nh viÃªn Ä‘Ã£ cÃ³ kinh nghiá»‡m, XuÃ¢n Quang vÃ  Tiáº¿n ThÃ nh Ä‘á»u nháº­n ra táº§m quan trá»ng cá»§a ná»n táº£ng kiáº¿n thá»©c CNTT khi Ã¡p dá»¥ng trong cÃ´ng viá»‡c. ChÃ­nh vÃ¬ tháº¿, cÃ¡c báº¡n Ä‘Ã¡nh giÃ¡ cao cÆ¡ há»™i Ä‘Æ°á»£c chinh chiáº¿n á»Ÿ cÃ¡c giáº£i Ä‘áº¥u láº­p trÃ¬nh nhÆ° Code Tour.CÆ¡ há»™i giao lÆ°u vÃ  cá» xÃ¡tLÃ  thÃ­ sinh cá»§a VÃ²ng chung káº¿t Code Tour 2023, Quá»‘c Viá»‡t Ä‘Ã¡nh giÃ¡ Ä‘Ã¢y sáº½ lÃ  sÃ¢n chÆ¡i Ä‘á»ƒ cÃ¡c báº¡n tráº» tá»« kháº¯p má»i nÆ¡i cÃ¹ng thi Ä‘áº¥u vÃ  chia sáº» kinh nghiá»‡m láº«n nhau.ÄÄ‚NG KÃ NGAY Code Challenge #1 vÃ  sáºµn sÃ ng chiáº¿n háº¿t mÃ¬nh nhÃ© cÃ¡c chiáº¿n binh IT Æ¡i!#CodeTour #CodeConnectChallenge #Giaidaulaptrinh #LifeatVNG Â 
",['https://www.fit.hcmus.edu.vn/vn/UserFiles\\7723_4-2.jpg'],https://www.fit.hcmus.edu.vn/tin-tuc/d/thi-dau-code-tour-co-hoi-nang-cap-toan-dien-ky-nang-lap-trinh-danh-cho-ban,events
"ThÃ´ng bÃ¡o lá»‹ch trÃ¬nh bÃ y chÆ°Æ¡ng trÃ¬nh TrÆ°á»ng hÃ¨ ""FIT@HCMUS Summer School on Generative AI and LLM"" nÄƒm 2024","
Tiáº¿p ná»‘i thÃ nh cÃ´ng cá»§a TrÆ°á»ng hÃ¨ vá» TrÃ­ tuá»‡ nhÃ¢n táº¡o vÃ  Há»c mÃ¡y á»Ÿ cÃ¡c nÄƒm trÆ°á»›c, sáº¯p tá»›i #fithcmus tiáº¿p tá»¥c tá»• chá»©c TrÆ°á»ng hÃ¨ vá» Generative AI vÃ  MÃ´ hÃ¬nh ngÃ´n ngá»¯ lá»›n (FIT@HCMUS Summer School on Generative AI and LLM).Â Â â“Báº¡n Ä‘am mÃª khÃ¡m phÃ¡, tÃ¬m hiá»ƒu vá» MÃ´ hÃ¬nh ngÃ´n ngá»¯ lá»›n vÃ  TrÃ­ tuá»‡ nhÃ¢n táº¡o?Â Â â“Báº¡n mong muá»‘n thu tháº­p kiáº¿n thá»©c tá»« nhá»¯ng chuyÃªn gia hÃ ng Ä‘áº§u trong lÄ©nh vá»±c TrÃ­ tuá»‡ nhÃ¢n táº¡o vÃ  Xá»­ lÃ½ ngÃ´n ngá»¯ tá»± nhiÃªn?Â Â  FIT@HCMUS Summer School on Generative AI and LLM sáº½ lÃ  nÆ¡i dÃ nh cho báº¡n.Â Â VÃ  Ä‘áº·c biá»‡t, khÃ³a há»c hoÃ n toÃ n MIá»„N PHÃ.Â Thá»i gian: tá»« 22/07 - 26/07/2024.Â Äá»‹a Ä‘iá»ƒm: Giáº£ng Ä‘Æ°á»ng I, TrÆ°á»ng Äáº¡i há»c Khoa há»c tá»± nhiÃªn, ÄHQG-HCM (227 Nguyá»…n VÄƒn Cá»«, P.4, Q.5)Â ThÃ´ng tin lá»‹ch trÃ¬nh chi tiáº¿t nhÆ° sau (hoáº·c xem táº¡i link bit.ly/lich-trinh-bay-SummerSchool-2024): Â âŒ›ï¸ Thá»© hai, ngÃ y 22/07/202408:30 â€“ 09:00: Opening Statement, PGS. TS. Tráº§n Minh Triáº¿t (ÄHKHTN, ÄHQG-HCM)Â 09:00 â€“ 11:00: Intelligent Interactive Assistance for Multimedia Retrieval, PGS. TS. Tráº§n Minh Triáº¿t (ÄHKHTN, ÄHQG-HCM)Â ---------------------------------------Â 14:00 â€“ 15:30: Generative AI for Interactive Applications, TS. LÃª Trung NghÄ©a (ÄHKHTN, ÄHQG-HCM)Â Â 15:30 â€“ 17:00: AR/VR for Human-Computer Interaction, TS. LÃª KhÃ¡nh Duy (ÄHKHTN, ÄHQG-HCM)Â Â âŒ›ï¸ Thá»© ba, ngÃ y 23/07/202408:00 â€“ 11:00: AlphaGeometry: Solving IMO Geometry without Human Demonstrations, TS. Trá»‹nh HoÃ ng Triá»u (Google DeepMind)Â ---------------------------------------Â 14:00 â€“ 15:30: Can machines understand long-form video with complex tasks?, TS. Tráº§n LÃª Há»“ng DÅ© (Google)Â 15:30 â€“ 17:00: Blockchain: Applications in accessing private data, TS. Tráº§n Trung DÅ©ng (ÄHKHTN, ÄHQG-HCM)Â Â Â âŒ›ï¸ Thá»© tÆ°, ngÃ y 24/07/2024Â 08:00 â€“ 11:00: Prompt Engineering and Demonstration, TS. Nguyá»…n Tiáº¿n Huy vÃ  TS. LÃª Thanh TÃ¹ng (ÄHKHTN, ÄHQG-HCM---------------------------------------Â 14:00 â€“ 17:00: RAG for Large Language Models, TS. Nguyá»…n TrÆ°á»ng SÆ¡n vÃ  TS. Nguyá»…n Há»“ng Bá»­u Long (ÄHKHTN, ÄHQG-HCM)Â Â âŒ›ï¸ Thá»© nÄƒm, ngÃ y 25/07/202408:00 â€“ 11:00: Security of AI Models: Fair, Bias and Explainability, PGS. TS. LÃª Kháº¯c NhiÃªn Ã‚n (University College Dublin)Â ---------------------------------------Â 14:00 â€“ 15:30: Large Language Models for Software Development and Agents, TS. BÃ¹i Duy Quá»‘c Nghá»‹ (FPT)Â 15:30 â€“ 17:00: Large Language Models for Software Testing, PGS. TS. Nguyá»…n VÄƒn VÅ© (ÄHKHTN, ÄHQG-HCM)Â âŒ›ï¸ Thá»© sÃ¡u, ngÃ y 26/07/202408:00 â€“ 11:00: Recent Trends in Recommender Systems, PGS. TS. LÃª Nguyá»…n HoÃ i Nam, ThS. Há»“ Thá»‹ HoÃ ng Vy vÃ  ThS. LÃª Ngá»c ThÃ nh (ÄHKHTN, ÄHQG-HCM)Â 11:00 â€“ 11:10: Closing Remark, PGS. TS. Nguyá»…n VÄƒn VÅ© (ÄHKHTN, ÄHQG-HCM)Â Â Â Hiá»‡n táº¡i email xÃ¡c nháº­n Ä‘Äƒng kÃ½ thÃ nh cÃ´ng Ä‘Ã£ Ä‘Æ°á»£c gá»­i cho cÃ¡c báº¡n cÃ³ Ä‘iá»n form trÆ°á»›c Ä‘Ã³. CÃ¡c báº¡n vui lÃ²ng kiá»ƒm tra há»™p thÆ° cá»§a mÃ¬nh nhÃ©!Â Äá»“ng thá»i, link Ä‘Äƒng kÃ½ Ä‘Ã£ Ä‘Æ°á»£c má»Ÿ gia háº¡n Ä‘á»ƒ cÃ¡c báº¡n cÃ³ nhu cáº§u Ä‘Äƒng kÃ½ bá»• sung: bit.ly/Summer-School-2024Â Thá»i háº¡n Ä‘Äƒng kÃ½ bá»• sung: Tá»« nay Ä‘áº¿n 12h00 Chá»§ Nháº­t, ngÃ y 21/07/2024Â HÃ£y nhanh tay Ä‘Äƒng kÃ½ Ä‘á»ƒ khÃ´ng bá» lá»¡ cÆ¡ há»™i há»c táº­p vÃ  tráº£i nghiá»‡m táº¡i FIT@HCMUS Summer School on Generative AI and LLM cÃ¡c báº¡n nhÃ©!Â Â Náº¿u cÃ³ cÃ¡c tháº¯c máº¯c liÃªn quan, cÃ¡c báº¡n vui lÃ²ng liÃªn há»‡ vá»›i CÃ´ Nguyá»…n Tráº§n Thá»¥c UyÃªn (nttuyen@fit.hcmus.edu.vn) Ä‘á»ƒ Ä‘Æ°á»£c há»— trá»£.Â Â Háº¹n gáº·p cÃ¡c báº¡n trong mÃ¹a hÃ¨ nÃ y.
",[],https://www.fit.hcmus.edu.vn/tin-tuc/d/thong-bao-lich-trinh-bay-chuong-trinh-truong-he-fithcmus-summer-school-on-generative-ai-and-llm-nam-2024,events
Danh sÃ¡ch sinh viÃªn tham dá»± chÆ°Æ¡ng trÃ¬nh Tech-Talk vÃ  Information day,"
Khoa CNTT thÃ´ng bÃ¡o danh sÃ¡ch Ä‘Ã£ Ä‘Äƒng kÃ½ tham dá»±Â chÆ°Æ¡ng trÃ¬nh Tech-Talk vÃ  Information day, danh sÃ¡ch chi tiáº¿t táº¡i link sau.Â ChÆ°Æ¡ng trÃ¬nh Tech-Talk & Information day nháº±m trao Ä‘á»•i vÃ  tháº£o luáº­n vá» lÄ©nh vá»±c AI cÅ©ng nhÆ° giá»›i thiá»‡u vá» Cuá»™c thi Ã½ tÆ°á»Ÿng giáº£i phÃ¡p TiÃªn phong cÃ´ng nghá»‡ má»›i (HCMUS AI INNOVATION)Thá»i gian:Â 8g00 - 11g00 thá»© sÃ¡u ngÃ y 7/6/2024Äá»‹a Ä‘iá»ƒm: Há»™i trÆ°á»ng I, trÆ°á»ng ÄH Khoa há»c tá»± nhiÃªn (227 Nguyá»…n VÄƒn Cá»«, P4, Q5)Ná»˜I DUNG CHÆ¯Æ NG TRÃŒNH1. Há»™i tháº£o GenAIDiá»…n giáº£: Dr. Judith BorowskiChá»©c vá»¥: Senior Expert and Competency Development Manager for AI; Chapter Lead for Data Analytics táº¡i Bosch Global Software Technologies***Ná»™i dung há»™i tháº£o báº±ng tiáº¿ng Anh2. Giá»›i thiá»‡u Cuá»™c thi Ã½ tÆ°á»Ÿng giáº£i phÃ¡p TiÃªn phong cÃ´ng nghá»‡ má»›i3. Giá»›i thiá»‡u cÃ¡c á»©ng dá»¥ng, cÃ´ng cá»¥ Ä‘á»ƒ phÃ¡t triá»ƒn giáº£i phÃ¡p vÃ  tham quan booth trÆ°ng bÃ y sáº£n pháº©m cÃ´ng nghá»‡THAM Dá»°Link Ä‘Äƒng kÃ½ tham dá»±:Â táº¡i Ä‘Ã¢yThá»i gian Ä‘Äƒng kÃ½ tham dá»± bá»• sung chÆ°Æ¡ng trÃ¬nh:Â tá»« nay Ä‘áº¿n 18g00 ngÃ y 6/6/2024LÆ¯U Ã:Â Sinh viÃªn tham gia sáº½ Ä‘Æ°á»£c cá»™ng ÄRL;Sinh viÃªn cÃ³ tÃªn trong danh sÃ¡ch chÃ­nh thá»©c nhÆ°ng báº­n viá»‡c Ä‘á»™t xuáº¥t vui lÃ²ng tÃ¬m ngÆ°á»i thay tháº¿ vÃ  bÃ¡o vá» Bp. TLSV qua email.Sinh viÃªn cÃ³ tÃªn trong danh sÃ¡ch chÃ­nh thá»©c nhÆ°ng váº¯ng máº·t khÃ´ng phÃ©p sáº½ bá»‹ Ä‘Æ°a vÃ o Black list cá»§a Khoa---Cuá»™c thi Ã½ tÆ°á»Ÿng giáº£i phÃ¡p TiÃªn phong cÃ´ng nghá»‡ má»›i (HCMUS AI Innovation) Ä‘Æ°á»£c phá»‘i há»£p tá»• chá»©c bá»Ÿi Khoa CÃ´ng nghá»‡ ThÃ´ng tin cÃ¹ng CÃ´ng ty TNHH Bosch Global Software Technologies nháº±m khuyáº¿n khÃ­ch sinh viÃªn phÃ¡t huy tÃ­nh sÃ¡ng táº¡o, kháº£ nÄƒng nghiÃªn cá»©u vÃ  á»©ng dá»¥ng cÃ´ng nghá»‡ trong cÃ¡c lÄ©nh vá»±c cÃ´ng nghá»‡ thÃ´ng tin tiÃªn tiáº¿n nhÆ° AI, GenAI, Software-Defined Vehicle (SDV), AR/VR, Edge AI, Cloud, vÃ  Cyber Security.
",[],https://www.fit.hcmus.edu.vn/tin-tuc/d/danh-sach-sinh-vien-tham-du-chuong-trinh-tech-talk-va-information-day,events
THI Äáº¤U CODE TOUR HÃ€NG TUáº¦N - CHá»šP NGAY GIáº¢I THÆ¯á»NG Háº¤P DáºªN LÃŠN Äáº¾N 20 TRIá»†U Äá»’NG,"
ğŸ‘‰ ÄÄƒng kÃ½ ngay: https://bit.ly/4bWtGGLÂ Vá»›i cÃ¡c vÃ²ng thi Ä‘áº¥u online Ä‘Æ°á»£c tá»• chá»©c hÃ ng tuáº§n cá»§a Code Tour 2024, cÃ¡c báº¡n tráº» Ä‘am mÃª cÃ´ng nghá»‡ cÃ³ thá»ƒ dá»… dÃ ng tham gia Ä‘á»ƒ cá» xÃ¡t báº£n thÃ¢n vÃ  nÃ¢ng cáº¥p tÆ° duy láº­p trÃ¬nh. TOP 10 â€œanh tÃ iâ€ xuáº¥t sáº¯c nháº¥t á»Ÿ má»—i vÃ²ng loáº¡i Code Challenge cÃ²n Ä‘Æ°á»£c vinh danh trÃªn báº£ng xáº¿p háº¡ng cÃ¹ng loáº¡t giáº£i thÆ°á»Ÿng hiá»‡n kim:ï¸ğŸ¥‡ï¸ Rank 1: 3 triá»‡u Ä‘á»“ngğŸ¥ˆï¸ Rank 2: 2 triá»‡u Ä‘á»“ngğŸ¥‰ï¸ Rank 3: 1 triá»‡u Ä‘á»“ngğŸ… Rank 4 - 10: má»—i giáº£i 500 nghÃ¬n Ä‘á»“ngCÃ¡c chiáº¿n tháº§n giÃ nh vÃ© vÃ o cÃ¡c vÃ²ng tiáº¿p theo sáº½ cÃ³ cÆ¡ há»™i tiáº¿p tá»¥c nháº­n thÃªm nhiá»u giáº£i thÆ°á»Ÿng háº¥p dáº«n. Trong Ä‘Ã³, pháº§n thÆ°á»Ÿng cho QuÃ¡n quÃ¢n Code Tour 2024 lÃ  hiá»‡n kim 15 triá»‡u Ä‘á»“ng ğŸ”¥Cá»•ng Ä‘Äƒng kÃ½ Code Challenge #2 vá»›i nhiá»u giáº£i thÆ°á»Ÿng cá»±c háº¥p dáº«n Ä‘ang Ä‘á»£i báº¡n rinh vá» nhÃ  Ä‘Ã³. ÄÄƒng kÃ½ ngay Ä‘á»ƒ â€œÄ‘áº·t lá»‹châ€ chiáº¿n cÃ¹ng Code Tour 2024 nhÃ©!#CodeTour #CodeConnectChallenge #Giaidaulaptrinh #LifeatVNG
",['https://www.fit.hcmus.edu.vn/vn/UserFiles\\7726_prize-1.png'],https://www.fit.hcmus.edu.vn/tin-tuc/d/thi-dau-code-tour-hang-tuan-chop-ngay-giai-thuong-hap-dan-len-den-20-trieu-dong,events
PhÃ¡t Ä‘á»™ng Cuá»™c thi thiáº¿t káº¿ biá»ƒu trÆ°ng ká»· niá»‡m 30 nÄƒm thÃ nh láº­p Khoa CNTT,"
Khoa CÃ´ng nghá»‡ thÃ´ng tin, trÆ°á»ng Äáº¡i há»c Khoa há»c tá»± nhiÃªn, ÄHQG-HCM sáº¯p sá»­a bÆ°á»›c qua tuá»•i thá»© 30. Äá»ƒ chÃ o Ä‘Ã³n cá»™t má»‘c Ä‘Ã¡ng nhá»› nÃ y, ÄoÃ n Khoa - LiÃªn chi Há»™i Khoa CÃ´ng nghá»‡ thÃ´ng tin phÃ¡t Ä‘á»™ng cuá»™c thi Thiáº¿t káº¿ biá»ƒu trÆ°ng ká»· niá»‡m 30 nÄƒm ngÃ y thÃ nh láº­p Khoa CÃ´ng nghá»‡ thÃ´ng tin (14/04/1995 - 14/04/2025).THÃ”NG TIN CUá»˜C THI:Thá»i gian nháº­n bÃ i dá»± thi: Tá»« 24/06/2024 - 21/07/2024Äá»‘i tÆ°á»£ng: sinh viÃªn FIT.HCMUSThá»ƒ lá»‡ cuá»™c thi:Link thá»ƒ lá»‡ vÃ  logo khoa: link.hcmus.edu.vn/thiet-ke-bieu-trung-publicCÃ¡c báº¡n gá»­i sáº£n pháº©m táº¡i Ä‘Æ°á»ng link dá»± thi sau: link.hcmus.edu.vn/thietkebieutrung-dangkySáº£n pháº©m dá»± thi: 1 folder bao gá»“m 1 file .psd hoáº·c .ai vÃ  1 bÃ i thuyáº¿t minh trÃ¬nh bÃ y Ã½ tÆ°á»Ÿng thiáº¿t káº¿ sáº£n pháº©m.Chá»§ Ä‘á»: Thá»ƒ hiá»‡n Ä‘Æ°á»£c vai trÃ² tiÃªn phong cá»§a khoa trong cÃ´ng tÃ¡c Ä‘Ã o táº¡o nguá»“n nhÃ¢n lá»±c cÃ´ng nghá»‡ thÃ´ng tin theo tinh tháº§n â€œSÃ´i ná»•i - Tá»± tin - ThÃ´ng minh - ÄoÃ n káº¿t"".CÃCH THá»¨C TÃNH ÄIá»‚M:CÃ¡c bÃ i dá»± thi cá»§a cÃ¡c báº¡n sáº½ Ä‘Æ°á»£c cÃ´ng bá»‘ trÃªn fanpage vÃ o ngÃ y 22/07 - 28/07/2024 Ä‘á»ƒ má»i ngÆ°á»i bÃ¬nh chá»n.Äiá»ƒm bÃ¬nh chá»n Ä‘Æ°á»£c tÃ­nh theo sá»‘ lÆ°á»£ng react vÃ  share (1 like, wow, haha = 1Ä‘; 1 tim, thÆ°Æ¡ng thÆ°Æ¡ng = 2Ä‘; 1 share cÃ´ng khai = 3Ä‘; cÃ¡c tÆ°Æ¡ng tÃ¡c cÃ²n láº¡i khÃ´ng Ä‘Æ°á»£c cá»™ng Ä‘iá»ƒm).Äiá»ƒm sá»‘ tá»« bÃ¬nh chá»n cá»§a khÃ¡n giáº£ sáº½ chiáº¿m tá»· lá»‡ 30% tá»•ng Ä‘iá»ƒm cuá»‘i cÃ¹ng.Äiá»ƒm sá»‘ tá»« Ban giÃ¡m kháº£o sáº½ chiáº¿m tá»· lá»‡ 70% tá»•ng Ä‘iá»ƒm cuá»‘i cÃ¹ng.Tá»”NG GIÃ TRá»Š GIáº¢I THÆ¯á»NG:01 giáº£i NHáº¤T: Pháº§n thÆ°á»Ÿng hiá»‡n kim trá»‹ giÃ¡ 1.500.000 Ä‘á»“ng vÃ  quÃ  táº·ng cá»§a Khoa.01 giáº£i NHÃŒ: Pháº§n thÆ°á»Ÿng hiá»‡n kim trá»‹ giÃ¡ 800.000 Ä‘á»“ng vÃ  quÃ  táº·ng cá»§a Khoa.01 giáº£i BA: Pháº§n thÆ°á»Ÿng hiá»‡n kim trá»‹ giÃ¡ 500.000 Ä‘á»“ng vÃ  quÃ  táº·ng cá»§a Khoa.01 giáº£i KHUYáº¾N KHÃCH: Pháº§n thÆ°á»Ÿng hiá»‡n kim trá»‹ giÃ¡ 300.000 Ä‘á»“ng vÃ  quÃ  táº·ng cá»§a Khoa.â€”-----------------------------------Má»i tháº¯c máº¯c xin vui lÃ²ng liÃªn há»‡:Fanpage: fb.com/DoanKhoaLienChiHoi.CNTT.KHTNÂ Email: banhoatdong.itus@gmail.comÂ Tiktok: tiktok.com/@dklch.cntt.itus.
",[],https://www.fit.hcmus.edu.vn/tin-tuc/d/phat-dong-cuoc-thi-thiet-ke-bieu-trung-ky-niem-30-nam-thanh-lap-khoa-cntt,events
