message,collection
Có bao nhiêu học bổng cho tân sinh viên?,scholarship
Thời khóa biểu học kì 2 năm học 2023-2024,timetable
Đợt này (tháng 4/2023) có bao nhiêu sinh viên bảo vệ khóa luận tốt nghiệp,academic_affairs
Hãy nêu ra các cuộc thi học thuật đang diễn ra,events
Tôi muốn tìm chương trình thực tập cho software engineer,recruitment
Tôi muốn biết thời gian đăng ký học kỳ 2,academic_affairs
Có bao nhiêu học bổng cho sinh viên năm thứ 2?,scholarship
Thời khóa biểu học kì 1 năm học 2023-2024,timetable
Tôi muốn biết thông tin về cuộc thi lập trình,events
Có bao nhiêu công việc thực tập cho sinh viên IT?,recruitment
Tôi muốn biết thời gian bảo vệ khóa luận,academic_affairs
Có bao nhiêu học bổng cho sinh viên năm thứ 3?,scholarship
Thời khóa biểu học kì 2 năm học 2022-2023,timetable
Tôi muốn biết thông tin về hội thảo AI,events
Có bao nhiêu công việc toàn thời gian cho sinh viên IT?,recruitment
Tôi muốn biết thời gian đăng ký học kỳ 1,academic_affairs
Có bao nhiêu học bổng cho sinh viên năm thứ 4?,scholarship
Thời khóa biểu học kì 1 năm học 2022-2023,timetable
Tôi muốn biết thông tin về cuộc thi thiết kế web,events
Có bao nhiêu công việc bán thời gian cho sinh viên IT?,recruitment
Tôi muốn biết thời gian bảo vệ luận văn,academic_affairs
Có bao nhiêu học bổng cho sinh viên năm thứ 1?,scholarship
Thời khóa biểu học kì 2 năm học 2021-2022,timetable
Tôi muốn biết thông tin về hội thảo blockchain,events
Có bao nhiêu công việc thực tập cho sinh viên khoa học dữ liệu?,recruitment
Tôi muốn biết thời gian đăng ký học kỳ 2,academic_affairs
Có bao nhiêu học bổng cho sinh viên năm thứ 2?,scholarship
Thời khóa biểu học kì 1 năm học 2021-2022,timetable
Tôi muốn biết thông tin về cuộc thi hackathon,events
Có bao nhiêu công việc thực tập cho sinh viên phát triển phần mềm?,recruitment
Tôi muốn biết thời gian bảo vệ khóa luận,academic_affairs
Có bao nhiêu học bổng cho sinh viên năm thứ 3?,scholarship
Thời khóa biểu học kì 2 năm học 2020-2021,timetable
Tôi muốn biết thông tin về hội thảo machine learning,events
Có bao nhiêu công việc toàn thời gian cho sinh viên IT?,recruitment
Tôi muốn biết thời gian đăng ký học kỳ 1,academic_affairs
Có bao nhiêu học bổng cho sinh viên năm thứ 4?,scholarship
Thời khóa biểu học kì 1 năm học 2020-2021,timetable
Tôi muốn biết thông tin về cuộc thi thiết kế ứng dụng di động,events
Có bao nhiêu công việc bán thời gian cho sinh viên IT?,recruitment
Tôi muốn biết thời gian bảo vệ luận văn,academic_affairs
Có bao nhiêu học bổng cho sinh viên năm thứ 1?,scholarship
Thời khóa biểu học kì 2 năm học 2019-2020,timetable
Tôi muốn biết thông tin về hội thảo IoT,events
Có bao nhiêu công việc thực tập cho sinh viên khoa học dữ liệu?,recruitment
Tôi muốn biết thời gian đăng ký học kỳ 2,academic_affairs
Tôi muốn tìm thông tin về học bổng cho sinh viên năm nhất,scholarship
Tôi cần tìm thông tin về lịch học cho học kì 2 năm học 2023-2024,timetable
Tôi muốn biết thông tin về các cuộc thi học thuật đang diễn ra,events
Tôi muốn tìm thông tin về chương trình thực tập cho sinh viên ngành CNTT,recruitment
Tôi cần tìm thông tin về quy trình đăng ký môn học,academic_affairs
Tôi muốn biết thông tin về các chương trình học bổng cho sinh viên xuất sắc,scholarship
Tôi cần tìm thông tin về lịch thi học kì 2 năm học 2023-2024,timetable
Tôi muốn biết thông tin về các sự kiện sắp tới của khoa CNTT,events
Tôi cần tìm thông tin về quy trình bảo vệ khóa luận tốt nghiệp,academic_affairs
Tôi muốn biết thông tin về các chương trình học bổng cho sinh viên nghèo,scholarship
Tôi cần tìm thông tin về lịch học cho học kì 1 năm học 2023-2024,timetable
Tôi muốn tìm thông tin về chương trình thực tập cho sinh viên ngành CNTT tại TP.HCM,recruitment
Tôi cần tìm thông tin về quy trình đăng ký học phần,academic_affairs
Tôi muốn biết thông tin về các chương trình học bổng cho sinh viên giỏi,scholarship
Tôi cần tìm thông tin về lịch thi học kì 1 năm học 2023-2024,timetable
Tôi muốn biết thông tin về các sự kiện đã diễn ra của khoa CNTT,events
Tôi cần tìm thông tin về quy trình bảo vệ luận văn thạc sĩ,academic_affairs
Tôi cần tìm thông tin về lịch học cho học kì 3 năm học 2023-2024,timetable
Tôi muốn biết thông tin về các cuộc thi học thuật sắp tới,events
Tôi cần tìm thông tin về quy trình đăng ký môn học tự chọn,academic_affairs
Tôi cần tìm thông tin về lịch thi học kì 3 năm học 2023-2024,timetable
Tôi muốn biết thông tin về các sự kiện sắp tới của trường ĐH KHTN,events
Tôi cần tìm thông tin về quy trình bảo vệ luận văn tiến sĩ,academic_affairs
Tôi cần tìm thông tin về lịch học cho học kì 4 năm học 2023-2024,timetable
Tôi muốn biết thông tin về các cuộc thi học thuật đã diễn ra,events
Tôi cần tìm thông tin về quy trình đăng ký học phần tự chọn,academic_affairs
Tôi cần tìm thông tin về lịch thi học kì 4 năm học 2023-2024,timetable
Tôi muốn biết thông tin về các sự kiện đã diễn ra của trường ĐH KHTN,events
Tôi cần tìm thông tin về quy trình bảo vệ khóa luận tốt nghiệp,academic_affairs
Tôi muốn biết thông tin về các chương trình học bổng cho sinh viên nghèo nhất,scholarship
Tôi cần tìm thông tin về lịch học cho học kì 1 năm học 2024-2025,timetable
Tôi muốn biết thông tin về các cuộc thi học thuật sắp tới,events
Tôi cần tìm thông tin về quy trình đăng ký môn học,academic_affairs
Tôi muốn biết thông tin về các chương trình học bổng cho sinh viên giỏi nhất,scholarship
Tôi cần tìm thông tin về lịch thi học kì 1 năm học 2024-2025,timetable
Tôi muốn biết thông tin về các sự kiện sắp tới của khoa CNTT,events
Tôi muốn biết thông tin về các chương trình học bổng cho sinh viên xuất sắc,scholarship
Tôi muốn tìm hiểu thêm thông tin về học bổng du học tại Nhật Bản,scholarship
Lịch thi học kì 1 năm học 2022-2023,timetable
Khoa Công nghệ thông tin có bao nhiêu chương trình đào tạo?,academic_affairs
Cuộc thi lập trình sinh viên toàn quốc đang diễn ra,events
Tìm kiếm thông tin về chương trình thực tập tại công ty FPT,recruitment
Tôi muốn biết thông tin về học bổng toàn phần cho sinh viên năm nhất,scholarship
Thông báo về việc đăng ký học phần cho học kì 2,academic_affairs
Hội thảo về công nghệ thông tin và truyền thông,events
Tìm kiếm thông tin về chương trình tuyển dụng tại công ty Viettel,recruitment
Tôi muốn tìm hiểu thêm thông tin về học bổng cho sinh viên tài năng,scholarship
Lịch thi cuối kì học kì 1 năm học 2022-2023,timetable
Khoa Công nghệ thông tin có bao nhiêu giảng viên?,academic_affairs
Cuộc thi thiết kế ứng dụng di động,events
Tìm kiếm thông tin về chương trình thực tập tại công ty IBM,recruitment
Tôi muốn biết thông tin về học bổng cho sinh viên khó khăn,scholarship
Thông báo về việc nộp bài tập lớn,academic_affairs
Hội thảo về công nghệ thông tin và trí tuệ nhân tạo,events
Tìm kiếm thông tin về chương trình tuyển dụng tại công ty Microsoft,recruitment
Tôi muốn tìm hiểu thêm thông tin về học bổng cho sinh viên xuất sắc,scholarship
Lịch thi học kì 2 năm học 2022-2023,timetable
Khoa Công nghệ thông tin có bao nhiêu phòng thí nghiệm?,academic_affairs
Cuộc thi lập trình robot,events
Tìm kiếm thông tin về chương trình thực tập tại công ty Google,recruitment
Tôi muốn biết thông tin về học bổng cho sinh viên năm cuối,scholarship
Thông báo về việc đăng ký đề tài luận văn,academic_affairs
Hội thảo về công nghệ thông tin và an ninh mạng,events
Tìm kiếm thông tin về chương trình tuyển dụng tại công ty Amazon,recruitment
Tôi muốn tìm hiểu thêm thông tin về học bổng cho sinh viên quốc tế,scholarship
Lịch thi cuối kì học kì 2 năm học 2022-2023,timetable
Khoa Công nghệ thông tin có bao nhiêu câu lạc bộ?,academic_affairs
Cuộc thi thiết kế web,events
Tìm kiếm thông tin về chương trình thực tập tại công ty Facebook,recruitment
Tôi muốn biết thông tin về học bổng cho sinh viên có thành tích cao,scholarship
Thông báo về việc nộp luận văn,academic_affairs
Hội thảo về công nghệ thông tin và dữ liệu lớn,events
Tìm kiếm thông tin về chương trình tuyển dụng tại công ty Apple,recruitment
Tôi muốn tìm hiểu thêm thông tin về học bổng cho sinh viên có hoàn cảnh khó khăn,scholarship
Lịch thi học kì 1 năm học 2023-2024,timetable
Khoa Công nghệ thông tin có bao nhiêu chương trình hợp tác quốc tế?,academic_affairs
Cuộc thi lập trình di động,events
Tìm kiếm thông tin về chương trình thực tập tại công ty Samsung,recruitment
Tôi muốn biết thông tin về học bổng cho sinh viên năm nhất,scholarship
Thông báo về việc đăng ký học phần cho học kì 1,academic_affairs
Hội thảo về công nghệ thông tin và thực tế ảo,events
Tìm kiếm thông tin về chương trình tuyển dụng tại công ty Intel,recruitment
Tôi muốn tìm hiểu thêm thông tin về học bổng cho sinh viên tài năng,scholarship
Lịch thi cuối kì học kì 1 năm học 2023-2024,timetable
Khoa Công nghệ thông tin có bao nhiêu giảng viên nước ngoài?,academic_affairs
Cuộc thi thiết kế đồ họa,events
Tìm kiếm thông tin về chương trình thực tập tại công ty Dell,recruitment
Tôi muốn biết thông tin về học bổng cho sinh viên khó khăn,scholarship
Thông báo về việc nộp bài tập lớn,academic_affairs
Hội thảo về công nghệ thông tin và an ninh mạng,events
Tìm kiếm thông tin về chương trình tuyển dụng tại công ty HP,recruitment
Tôi muốn tìm hiểu thêm thông tin về học bổng cho sinh viên xuất sắc,scholarship
Lịch thi học kì 2 năm học 2023-2024,timetable
Khoa Công nghệ thông tin có bao nhiêu phòng thí nghiệm?,academic_affairs
Cuộc thi lập trình web,events
Tìm kiếm thông tin về chương trình thực tập tại công ty Cisco,recruitment
Tôi muốn biết thông tin về học bổng cho sinh viên năm cuối,scholarship
Thông báo về việc đăng ký đề tài luận văn,academic_affairs
Hội thảo về công nghệ thông tin và trí tuệ nhân tạo,events
Tìm kiếm thông tin về chương trình tuyển dụng tại công ty Oracle,recruitment
Tôi muốn tìm hiểu thêm thông tin về học bổng cho sinh viên quốc tế,scholarship
Lịch thi cuối kì học kì 2 năm học 2023-2024,timetable
Khoa Công nghệ thông tin có bao nhiêu câu lạc bộ?,academic_affairs
Cuộc thi thiết kế ứng dụng di động,events
Tìm kiếm thông tin về chương trình thực tập tại công ty VMware,recruitment
Tôi muốn biết thông tin về học bổng cho sinh viên có thành tích cao,scholarship
Thông báo về việc nộp luận văn,academic_affairs
Hội thảo về công nghệ thông tin và dữ liệu lớn,events
Tìm kiếm thông tin về chương trình tuyển dụng tại công ty IBM,recruitment
Tôi muốn tìm hiểu thêm thông tin về học bổng cho sinh viên có hoàn cảnh khó khăn,scholarship
Lịch thi học kì 1 năm học 2024-2025,timetable
Khoa Công nghệ thông tin có bao nhiêu chương trình hợp tác quốc tế?,academic_affairs
Cuộc thi lập trình sinh viên toàn quốc,events
Tìm kiếm thông tin về chương trình thực tập tại công ty Google,recruitment
Tôi muốn biết thông tin về học bổng cho sinh viên năm nhất,scholarship
Thông báo về việc đăng ký học phần cho học kì 1,academic_affairs
Hội thảo về công nghệ thông tin và thực tế ảo,events
Tìm kiếm thông tin về chương trình tuyển dụng tại công ty Microsoft,recruitment
Tôi muốn tìm hiểu thêm thông tin về học bổng cho sinh viên tài năng,scholarship
Kinh nghiệm nào quan trọng nhất khi làm việc trong ngành Marketing?,recruitment
Những kỹ năng nào cần thiết để tăng cơ hội được tuyển dụng?,recruitment
Trường mình có hỗ trợ gì khi sinh viên tìm việc không?,recruitment
Làm sao để kết nối với các nhà tuyển dụng trong lĩnh vực IT?,recruitment
Kinh nghiệm nào quan trọng nhất khi làm việc trong ngành Marketing?,recruitment
Trường mình có hỗ trợ gì khi sinh viên tìm việc không?,recruitment
Những kỹ năng nào cần thiết để tăng cơ hội được tuyển dụng?,recruitment
Có những công ty nào đang tuyển dụng ở trường mình?,recruitment
Có câu lạc bộ nào hướng dẫn làm CV không?,recruitment
Kinh nghiệm nào quan trọng nhất khi làm việc trong ngành Marketing?,recruitment
Có câu lạc bộ nào hướng dẫn làm CV không?,recruitment
Kinh nghiệm nào quan trọng nhất khi làm việc trong ngành Marketing?,recruitment
Có những công ty nào đang tuyển dụng ở trường mình?,recruitment
Làm sao để kết nối với các nhà tuyển dụng trong lĩnh vực IT?,recruitment
Làm thế nào để chuẩn bị cho buổi phỏng vấn xin việc?,recruitment
Có câu lạc bộ nào hướng dẫn làm CV không?,recruitment
Có những công ty nào đang tuyển dụng ở trường mình?,recruitment
Kinh nghiệm nào quan trọng nhất khi làm việc trong ngành Marketing?,recruitment
Thời gian nào là tốt nhất để nộp đơn xin thực tập?,recruitment
Làm thế nào để chuẩn bị cho buổi phỏng vấn xin việc?,recruitment
Quy định của trường về vắng mặt trong giờ học là gì?,academic_affairs
"Nếu bị mất thẻ sinh viên, tôi phải làm gì?",academic_affairs
Quy định của trường về vắng mặt trong giờ học là gì?,academic_affairs
Làm sao để xem được bảng điểm của mình?,academic_affairs
Làm thế nào để thay đổi lớp học đã đăng ký?,academic_affairs
Quy trình học lại môn bị trượt là gì?,academic_affairs
Hạn cuối để bảo lưu kết quả học tập là khi nào?,academic_affairs
Làm thế nào để thay đổi lớp học đã đăng ký?,academic_affairs
Quy định của trường về vắng mặt trong giờ học là gì?,academic_affairs
Có cần phải đăng ký lại nếu môn học bị hủy không?,academic_affairs
Hạn cuối để bảo lưu kết quả học tập là khi nào?,academic_affairs
Quy định của trường về vắng mặt trong giờ học là gì?,academic_affairs
Quy định của trường về vắng mặt trong giờ học là gì?,academic_affairs
Quy trình học lại môn bị trượt là gì?,academic_affairs
"Nếu bị mất thẻ sinh viên, tôi phải làm gì?",academic_affairs
Làm sao để xem được bảng điểm của mình?,academic_affairs
Trường có hỗ trợ học trực tuyến cho sinh viên không?,academic_affairs
"Nếu bị mất thẻ sinh viên, tôi phải làm gì?",academic_affairs
"Nếu bị mất thẻ sinh viên, tôi phải làm gì?",academic_affairs
Quy định của trường về vắng mặt trong giờ học là gì?,academic_affairs
Trường có học bổng dành cho nghiên cứu khoa học không?,scholarship
Trường có học bổng dành cho nghiên cứu khoa học không?,scholarship
Học bổng toàn phần bao gồm những gì?,scholarship
Điểm trung bình cần đạt để duy trì học bổng là bao nhiêu?,scholarship
Điểm trung bình cần đạt để duy trì học bổng là bao nhiêu?,scholarship
Học bổng toàn phần bao gồm những gì?,scholarship
Điểm trung bình cần đạt để duy trì học bổng là bao nhiêu?,scholarship
Học bổng toàn phần bao gồm những gì?,scholarship
Làm thế nào để được đề cử cho học bổng của tổ chức bên ngoài?,scholarship
Học bổng trao đổi sinh viên quốc tế đăng ký ở đâu?,scholarship
Có học bổng nào dành cho sinh viên nghèo vượt khó không?,scholarship
Học bổng trao đổi sinh viên quốc tế đăng ký ở đâu?,scholarship
Làm thế nào để được đề cử cho học bổng của tổ chức bên ngoài?,scholarship
Có học bổng nào dành cho sinh viên nghèo vượt khó không?,scholarship
Điểm trung bình cần đạt để duy trì học bổng là bao nhiêu?,scholarship
Học bổng toàn phần bao gồm những gì?,scholarship
Có học bổng nào dành riêng cho sinh viên xuất sắc không?,scholarship
Làm thế nào để ứng tuyển học bổng của trường?,scholarship
Học bổng trao đổi sinh viên quốc tế đăng ký ở đâu?,scholarship
Làm thế nào để được đề cử cho học bổng của tổ chức bên ngoài?,scholarship
Lịch học thực hành có thay đổi gì không?,timetable
Thời gian nghỉ giữa các tiết học là bao lâu?,timetable
Lịch thi lại được thông báo ở đâu?,timetable
Học kỳ phụ có mở lớp không?,timetable
Có lớp học nào vào buổi tối không?,timetable
Làm sao để thay đổi lớp học phần đã đăng ký?,timetable
Học kỳ phụ có mở lớp không?,timetable
Làm sao để thay đổi lớp học phần đã đăng ký?,timetable
Tôi muốn biết giờ học của môn Kỹ năng mềm.,timetable
Có lớp học nào vào buổi tối không?,timetable
Làm sao để thay đổi lớp học phần đã đăng ký?,timetable
Thời gian học lại các môn bị trùng được bố trí thế nào?,timetable
Thời gian học lại các môn bị trùng được bố trí thế nào?,timetable
Lịch thi lại được thông báo ở đâu?,timetable
Làm sao để thay đổi lớp học phần đã đăng ký?,timetable
Khi nào có lịch thi cuối kỳ?,timetable
Làm sao để thay đổi lớp học phần đã đăng ký?,timetable
Tôi muốn biết giờ học của môn Kỹ năng mềm.,timetable
Có lớp học nào vào buổi tối không?,timetable
Lịch học thực hành có thay đổi gì không?,timetable
Ngày hội văn hóa được tổ chức ở đâu?,events
Lịch tổ chức hội chợ sách lần tới là khi nào?,events
Làm sao để đăng ký tham gia sự kiện của trường?,events
Ngày hội văn hóa được tổ chức ở đâu?,events
Tuần này có sự kiện gì không?,events
Lịch tổ chức hội chợ sách lần tới là khi nào?,events
Ngày hội văn hóa được tổ chức ở đâu?,events
Làm sao để đăng ký tham gia sự kiện của trường?,events
Làm sao để đăng ký tham gia sự kiện của trường?,events
Làm sao để đăng ký tham gia sự kiện của trường?,events
Có buổi giao lưu nào với doanh nghiệp không?,events
Làm sao để đăng ký tham gia sự kiện của trường?,events
Tuần này có sự kiện gì không?,events
Làm thế nào để tham gia các cuộc thi học thuật?,events
Ngày hội văn hóa được tổ chức ở đâu?,events
Có buổi giao lưu nào với doanh nghiệp không?,events
Làm sao để đăng ký tham gia sự kiện của trường?,events
Có sự kiện nào dành riêng cho sinh viên quốc tế không?,events
Tuần này có sự kiện gì không?,events
Lịch tổ chức hội chợ sách lần tới là khi nào?,events
Mấy giờ hết hạn nộp đơn học bổng vậy?,scholarship
Ai có thể giúp mình thông tin về học bổng?,scholarship
Chỉ cần GPA cao là đủ nhận học bổng phải không?,scholarship
Mấy giờ hết hạn nộp đơn học bổng vậy?,scholarship
Sinh viên năm cuối có xin học bổng được không?,scholarship
Ai có thể giúp mình thông tin về học bổng?,scholarship
Mấy giờ hết hạn nộp đơn học bổng vậy?,scholarship
Mấy giờ hết hạn nộp đơn học bổng vậy?,scholarship
Có học bổng nào không cần điểm cao không?,scholarship
Mấy giờ hết hạn nộp đơn học bổng vậy?,scholarship
Môn này tuần sau học phòng nào vậy?,timetable
Cách đăng ký lớp khi hết slot là gì?,timetable
Chỗ nào xem thời khóa biểu chính xác nhất?,timetable
Lịch thi cuối kỳ bao giờ có?,timetable
Thời khóa biểu của lớp kĩ năng mềm đăng ở đâu vậy?,timetable
Có thể đổi lịch học được không?,timetable
Môn này tuần sau học phòng nào vậy?,timetable
Chỗ nào xem thời khóa biểu chính xác nhất?,timetable
Môn này tuần sau học phòng nào vậy?,timetable
Chỗ nào xem thời khóa biểu chính xác nhất?,timetable
Ai hỗ trợ sinh viên giải đáp thắc mắc học vụ nhỉ?,academic_affairs
Nếu trượt môn thì xử lý sao nhỉ?,academic_affairs
Có bao nhiêu tín chỉ tối đa mỗi kỳ vậy?,academic_affairs
Hủy môn học sau hạn chót thì sao?,academic_affairs
Hủy môn học sau hạn chót thì sao?,academic_affairs
Lịch đăng ký môn học có thông báo chưa vậy?,academic_affairs
Làm sao biết mình có bị thiếu tín chỉ không?,academic_affairs
Đăng ký học phần ở đâu nhỉ?,academic_affairs
Nếu trượt môn thì xử lý sao nhỉ?,academic_affairs
Đăng ký học phần ở đâu nhỉ?,academic_affairs
Làm sao tham gia cuộc thi coding?,events
Sự kiện này có live stream không nhỉ?,events
Lịch các buổi seminar có công bố chưa?,events
Thời gian và địa điểm của hội chợ việc làm?,events
Tuần này có hội thảo gì không?,events
Làm sao tham gia cuộc thi coding?,events
Sắp có sự kiện nào lớn không?,events
Làm sao tham gia cuộc thi coding?,events
Hội thao của khoa diễn ra ở đâu?,events
Có phí tham dự sự kiện này không?,events
Làm sao để xem danh sách công ty tuyển dụng?,recruitment
Có mẫu CV nào phù hợp không nhỉ?,recruitment
Khi nào có ngày hội việc làm tiếp theo?,recruitment
Trường mình có kết nối với công ty nào không?,recruitment
Làm sao để xem danh sách công ty tuyển dụng?,recruitment
Khi nào có ngày hội việc làm tiếp theo?,recruitment
Cần chuẩn bị gì cho kỳ tuyển dụng này?,recruitment
Tìm việc thực tập ngành marketing ở đâu nhỉ?,recruitment
Khi nào có ngày hội việc làm tiếp theo?,recruitment
Cần chuẩn bị gì cho kỳ tuyển dụng này?,recruitment
Có công ty nào đang tuyển dụng vị trí lập trình viên không?,recruitment
Làm thế nào để đăng ký tham gia ngày hội tuyển dụng của trường?,recruitment
Em muốn tìm hiểu thông tin về các công ty tài trợ chương trình thực tập cho sinh viên ngành AI,recruitment
Công ty nào đang tuyển thực tập sinh vị trí phân tích dữ liệu?,recruitment
Các chương trình thực tập mùa hè 2024 có thời hạn nộp hồ sơ đến khi nào?,recruitment
Khi nào là hạn cuối đóng học phí học kỳ này?,academic_affairs
Làm sao để xin giấy xác nhận sinh viên?,academic_affairs
Thủ tục đăng ký bảo hiểm y tế cho sinh viên mới như thế nào?,academic_affairs
Em cần biết quy trình xét tốt nghiệp cho sinh viên năm cuối.,academic_affairs
Có thể xem danh sách môn học tự chọn của học kỳ này ở đâu?,academic_affairs
Khi nào trường mình tổ chức hội thảo về trí tuệ nhân tạo?,events
Có buổi giao lưu nào dành cho sinh viên năm nhất sắp tới không?,events
Trường mình có tổ chức cuộc thi lập trình trong năm nay không?,events
Làm thế nào để tham gia workshop về phát triển kỹ năng mềm?,events
Có sự kiện nào liên quan đến khởi nghiệp trong tháng này không?,events
Em muốn biết lịch học chính thức của học kỳ sau.,timetable
Có thay đổi gì về phòng học cho lớp Lập trình Python không?,timetable
Khi nào lịch thi cuối kỳ được công bố?,timetable
Danh sách các môn học kỳ này sẽ mở đăng ký lúc mấy giờ?,timetable
Làm sao để kiểm tra thời gian học phần thực hành?,timetable
Trường có học bổng nào dành cho sinh viên có thành tích nghiên cứu khoa học không?,scholarship
Làm thế nào để xin học bổng của doanh nghiệp hợp tác với trường?,scholarship
"Khi nào là hạn nộp hồ sơ cho học bổng ""Sinh viên xuất sắc 2024""?",scholarship
Có chương trình học bổng nào dành riêng cho sinh viên nữ không?,scholarship
Em muốn biết thông tin về các học bổng từ các tổ chức quốc tế.,scholarship
Em muốn biết thông báo về thời gian bảo vệ khóa luận tốt nghiệp.,academic_affairs
Quy trình hủy môn học đã đăng ký có phức tạp không?,academic_affairs
Khi nào cần nộp đề cương nghiên cứu cho môn học chuyên đề?,academic_affairs
Bộ phận giáo vụ có hỗ trợ gì khi sinh viên bị sai thông tin cá nhân không?,academic_affairs
Thời hạn điều chỉnh nguyện vọng môn học cho học kỳ này là khi nào?,academic_affairs
Các công ty công nghệ nào đang hợp tác với trường để tuyển thực tập sinh?,recruitment
Em muốn biết cách viết CV để ứng tuyển các vị trí thực tập.,recruitment
Có hội thảo nào về kỹ năng phỏng vấn xin việc không?,recruitment
Danh sách các công ty tham gia ngày hội việc làm gần nhất là gì?,recruitment
Chương trình thực tập nào có hỗ trợ tài chính cho sinh viên không?,recruitment
"Hội thảo ""Ứng dụng AI trong ngành y tế"" sẽ tổ chức vào thời gian nào?",events
Có sự kiện ngoại khóa nào giúp sinh viên cải thiện kỹ năng giao tiếp không?,events
Em muốn tham gia CLB học thuật của trường khi nào có buổi tuyển thành viên?,events
Các cuộc thi học thuật liên ngành sẽ được tổ chức ở đâu?,events
Có sự kiện nào kết nối sinh viên với doanh nghiệp khởi nghiệp không?,events
Khi nào thời khóa biểu học kỳ mới được công bố?,timetable
Có thể xem lịch kiểm tra giữa kỳ ở đâu?,timetable
Thời gian đăng ký lớp học phần ngoại ngữ mở lúc mấy giờ?,timetable
Em muốn biết lịch học lớp Thực hành Khoa học Dữ liệu.,timetable
Có thay đổi gì về lịch học cho sinh viên năm nhất không?,timetable
Các học bổng dành cho sinh viên có hoàn cảnh khó khăn là gì?,scholarship
Trường có hỗ trợ làm hồ sơ học bổng du học không?,scholarship
"Điều kiện xét duyệt học bổng ""Tài năng trẻ"" của trường là gì?",scholarship
Khi nào có kết quả xét học bổng học kỳ này?,scholarship
Có học bổng nào dành cho sinh viên chuyên ngành công nghệ phần mềm không?,scholarship
Khi nào thì có buổi hội thảo về lập trình Python?,events
Hạn cuối để nộp tiền học phí học kỳ này là bao giờ?,academic_affairs
Có công ty nào sắp tuyển dụng ở trường mình không?,recruitment
Mình muốn tìm hiểu về học bổng du học ai có thông tin không?,scholarship
Lịch học kỳ mùa xuân đã có chưa nhỉ?,timetable
Trường mình có chương trình thực tập vào mùa hè không?,recruitment
Đăng ký học phần cho kỳ tới như thế nào nhỉ?,academic_affairs
Có buổi nào giới thiệu về các câu lạc bộ sinh viên không?,events
Làm sao để tra cứu lịch bảo vệ khóa luận tốt nghiệp?,academic_affairs
Có học bổng nào cho sinh viên năm nhất không?,scholarship
Bao giờ có workshop về kỹ năng mềm vậy?,events
Mình có thể xem danh sách công ty đối tác của trường ở đâu?,recruitment
Bao nhiêu giờ thì bắt đầu đăng ký môn cho kỳ sau?,timetable
Có hội trại sinh viên nào sắp diễn ra không nhỉ?,events
Quy trình gia hạn thẻ sinh viên là thế nào?,academic_affairs
Ai có thông tin về học bổng của tập đoàn XYZ không?,scholarship
Ngày hội việc làm diễn ra vào ngày mấy thế?,recruitment
Mình cần biết lịch nghỉ Tết của trường có ai biết không?,timetable
Trường mình có buổi giao lưu với doanh nhân không?,events
Khi nào thì có thông báo đóng bảo hiểm y tế?,academic_affairs
Sinh viên năm cuối có những cơ hội thực tập nào?,recruitment
Học bổng cho sinh viên nghèo vượt khó có không nhỉ?,scholarship
Có sự kiện nào giới thiệu về ngành học mới không?,events
Làm sao để đóng tiền học phí qua ngân hàng nhỉ?,academic_affairs
Đợt tới có hội thảo công nghệ nào thú vị không?,events
Trường mình có liên kết với doanh nghiệp nào cấp học bổng không?,scholarship
Mình cần biết thời gian bắt đầu các lớp buổi tối,timetable
Có thông tin về các chương trình trao đổi sinh viên không?,academic_affairs
Trường mình có tổ chức giải bóng đá sinh viên không?,events
Đăng ký thi lại môn học thì làm sao nhỉ?,academic_affairs
Có công ty nào đang mở đợt thực tập không nhỉ?,recruitment
Học bổng cho sinh viên ngành kỹ thuật hiện có những gì?,scholarship
Có ai biết ngày tổ chức hội thảo về kinh tế không?,events
Trường còn chương trình nào giảm học phí cho sinh viên không?,academic_affairs
Công ty VinAI có nhận thực tập sinh không?,recruitment
Mình cần cập nhật thông tin cá nhân ở đâu?,academic_affairs
Lớp học thêm ngoại ngữ bắt đầu từ ngày nào?,timetable
Sinh viên năm nhất có những học bổng nào có thể ứng tuyến?,scholarship
Có buổi tọa đàm nào về kỹ năng lãnh đạo không?,events
Trường có tổ chức kỳ thi thử TOEIC vào tháng tới không?,academic_affairs
Thời gian đăng ký môn học cho kỳ sau là khi nào?,timetable
Mình tìm mãi không thấy thông tin về ngày hội việc làm!,recruitment
Thủ tục xin học bổng của trường mình ra sao?,scholarship
Các buổi triển lãm sách sắp tới diễn ra ở đâu?,events
Có thông báo nào mới về việc đóng tiền bảo hiểm không?,academic_affairs
Học phí cho kỳ học tới đã có chưa nhỉ?,academic_affairs
Mình muốn tham gia chương trình trao đổi sinh viên ai biết thủ tục không?,academic_affairs
Làm sao để cập nhật lịch thi của học kỳ này?,timetable
Thông tin về hội thảo ngành y dược sắp tới đâu nhỉ?,events
Có danh sách công ty nào đang tuyển vị trí thực tập không?,recruitment
Bao giờ có thông báo về thời gian biểu mới?,timetable
Em cần biết thông tin về học bổng cho ngành công nghệ,scholarship
Trường có tổ chức ngày hội việc làm vào tháng sau không?,recruitment
Thủ tục đăng ký học lại môn khi bị rớt thế nào nhỉ?,academic_affairs
Mình nghe nói có hội chợ sách ai biết khi nào không?,events
Có khóa học ngắn hạn nào vào mùa hè không?,academic_affairs
Mình muốn biết thông tin về lịch thi cuối kỳ,timetable
Có buổi giới thiệu nào về việc làm thêm cho sinh viên không?,recruitment
Trường mình có nhận đơn xin học bổng qua email không?,scholarship
Hội thảo nào thú vị nhất tại trường trong tháng này?,events
Làm sao để biết mình đã đóng đủ tiền học phí chưa?,academic_affairs
Cuộc thi tiếng Anh cho sinh viên có diễn ra không?,events
Mình cần biết thời gian biểu của khóa học hè,timetable
Có công ty nào sẽ phỏng vấn trực tiếp tại trường không?,recruitment
Hạn cuối nộp đơn xin học bổng là khi nào?,scholarship
Có chương trình gì hấp dẫn cho sinh viên vào cuối tuần không?,events
Sinh viên mới cần hoàn thiện giấy tờ gì?,academic_affairs
Mình đang tìm kiếm thực tập nghiên cứu có nơi nào giới thiệu không?,recruitment
Kỳ nghỉ hè bắt đầu từ khi nào?,timetable
Có học bổng quốc tế nào cho sinh viên không?,scholarship
Bạn có nghe nói về buổi hội thảo sức khỏe sinh viên?,events
Đóng bảo hiểm y tế muộn có bị sao không nhỉ?,academic_affairs
Cần biết thông tin về các buổi gặp gỡ doanh nghiệp,events
Trường có yêu cầu gì đặc biệt để nhận học bổng không?,scholarship
Kỳ thực tập bắt đầu từ tháng mấy?,recruitment
Đăng ký môn học trực tuyến có dễ không?,academic_affairs
Có lịch học online không nhỉ?,timetable
Ai biết buổi nói chuyện về kỹ thuật sắp tới không?,events
Có thông tin nào mới về các chương trình học bổng không?,scholarship
Hạn chót nộp đơn thực tập là khi nào?,recruitment
Nghe nói có buổi gặp gỡ cựu sinh viên khi nào thế?,events
Mình cần kết quả đánh giá học phần làm thế nào để tra cứu?,academic_affairs
Lịch thi phòng thi đã công bố chưa nhỉ?,timetable
Các công ty nào sắp đến trường tuyển dụng thế nhỉ?,recruitment
Học bổng cho sinh viên cá biệt có không?,scholarship
Cần biết giờ lên lớp của môn học mới,timetable
Trường có hoạt động gì cho ngày môi trường không?,events
Làm sao để hoàn thiện hồ sơ sức khỏe cho năm học mới?,academic_affairs
Bạn có biết trường có lớp học hè không?,academic_affairs
Mình đang tìm học bổng cho nữ sinh ai biết thông tin không?,scholarship
Có sự kiện nào hấp dẫn cho dịp cuối tuần này không?,events
Trường có chỗ nào để sinh viên đăng ký thực tập không?,recruitment
Khi nào thì công bố kết quả xét tốt nghiệp?,academic_affairs
Mình cần lên thời khóa biểu mới có ai giúp không?,timetable
Sinh viên quốc tế có học bổng nào không?,scholarship
Có hội thảo nào liên quan đến khởi nghiệp không?,events
Em cần biết thông tin về thời gian đóng tiền học,timetable
Có công ty nào đang tuyển sinh viên làm thêm part-time không?,recruitment
Khi nào có thông báo về các kỳ thi giữa kỳ tiếp theo?,academic_affairs
Hội sinh viên có tổ chức sự kiện gì vào cuối tuần không?,events
Làm sao để tham gia chương trình trao đổi sinh viên ngành y?,academic_affairs
Có học bổng nào cho sinh viên giỏi toán không?,scholarship
Nghe nói có ngày hội văn hóa khi nào diễn ra?,events
Trường mình có khóa học nào giúp nâng cao kỹ năng mềm không?,academic_affairs
Tôi nghe nói có hội thảo về khởi nghiệp không biết bao giờ diễn ra nhỉ?,events
Có thông tin gì về kỳ thực tập sắp tới cho sinh viên CNTT không?,recruitment
Học kỳ này mình cần phải đóng học phí vào ngày nào nhỉ?,academic_affairs
Có học bổng nào cho sinh viên nghèo vượt khó không?,scholarship
Khi nào có lịch thi giữa kỳ vậy?,timetable
Trường mình có tổ chức ngày hội việc làm không?,recruitment
Làm sao để biết lịch bảo vệ khóa luận tốt nghiệp?,academic_affairs
Có sự kiện gì hấp dẫn vào cuối tuần này không?,events
Nghe nói có công ty tuyển thực tập sinh không biết có đúng không?,recruitment
Đóng tiền bảo hiểm y tế hạn cuối là khi nào vậy?,academic_affairs
Có học bổng nào mới được công bố không?,scholarship
Làm sao để biết thông tin về lớp học bị hủy?,timetable
Có hội chợ việc làm vào tháng này không nhỉ?,recruitment
Mình cần tìm hiểu về các câu lạc bộ trong trường có thông tin không?,events
Khi nào mình có thể nộp đơn xin học bổng?,scholarship
Trường có kết nối với doanh nghiệp nào để thực tập không?,recruitment
Làm cách nào để biết thông tin về giờ học các môn?,timetable
Có sự kiện nào liên quan đến văn hóa sắp tới không?,events
Hạn cuối để nộp giấy tờ tốt nghiệp là khi nào?,academic_affairs
Có học bổng nào cho sinh viên ngành kỹ thuật không?,scholarship
Mình cần thông tin về buổi hội thảo sắp tới trong trường có ai biết không?,events
Mình có thể đăng ký thực tập ở đâu nhỉ?,recruitment
Làm sao để biết khi nào có buổi học bù?,timetable
Có chương trình học bổng nào dành cho sinh viên giỏi không?,scholarship
Nghe nói có công ty đến tuyển dụng trong tháng này có ai biết chi tiết không?,recruitment
Trường có tổ chức lễ hội gì vào tháng tới không?,events
Khi nào mình cần phải hoàn thành các giấy tờ đăng ký môn học?,academic_affairs
Có ai biết thời gian biểu của kỳ thi cuối kỳ không?,timetable
Có học bổng nào dành cho sinh viên ngành y dược không?,scholarship
Mình muốn biết về các buổi hội thảo kỹ năng mềm có thông tin không?,events
Khi nào có đợt tuyển dụng thực tập sinh tiếp theo?,recruitment
Hạn chót để đăng ký học phần là khi nào vậy?,academic_affairs
Có sự kiện thể thao nào sắp diễn ra không?,events
Mình cần biết về các chương trình học bổng từ các tổ chức bên ngoài ai biết không?,scholarship
Có thông tin gì mới về lịch học không?,timetable
Trường có đối tác nào cho sinh viên thực tập không?,recruitment
Có hội thảo nào về công nghệ thông tin diễn ra trong tháng này không?,events
Khi nào cần nộp đơn đăng ký môn học cho kỳ tới?,academic_affairs
Có học bổng nào cho sinh viên ngành khoa học xã hội không?,scholarship
Mình muốn biết về các sự kiện âm nhạc trong trường có thông tin không?,events
Có chương trình gì cho đợt thực tập hè này không?,recruitment
Lịch học của tuần này có gì thay đổi không?,timetable
Có học bổng nào cho sinh viên quốc tế không?,scholarship
Có sự kiện nào dành cho sinh viên năm nhất không?,events
Làm sao để biết thông tin về buổi học bù môn toán?,timetable
Trường mình có tổ chức hội thảo gì về sức khỏe không?,events
Có thông tin gì về các công ty đang tuyển thực tập sinh không?,recruitment
Khi nào có lịch bảo vệ đồ án tốt nghiệp?,academic_affairs
Nghe nói có học bổng mới từ một doanh nghiệp lớn ai biết không?,scholarship
Hôm nay có sự kiện gì đặc biệt không nhỉ?,events
Có thông tin gì về các lớp học thêm không?,timetable
Mình có thể tìm thông tin về chương trình thực tập ở đâu nhỉ?,recruitment
Hạn cuối để đóng học phí là khi nào?,academic_affairs
Có hội thảo nào về kỹ năng mềm trong tháng này không?,events
Có học bổng nào dành riêng cho nữ sinh không?,scholarship
Làm sao để biết lịch thi của từng môn?,timetable
Có đợt tuyển dụng nào sắp tới không?,recruitment
Trường mình có tổ chức hội thảo gì về môi trường không?,events
Khi nào mình cần hoàn thành việc đăng ký môn học?,academic_affairs
Có học bổng nào cho sinh viên ngành nghệ thuật không?,scholarship
Làm sao để biết lớp học nào bị thay đổi phòng?,timetable
Có sự kiện nào liên quan đến công nghệ diễn ra sắp tới không?,events
Trường có hợp tác với công ty nào để tuyển thực tập sinh không?,recruitment
Hạn cuối để nộp hồ sơ tốt nghiệp là khi nào?,academic_affairs
Có học bổng nào cho sinh viên ngành kinh tế không?,scholarship
Có sự kiện nào về giáo dục trong trường sắp diễn ra không?,events
Mình cần thông tin về lớp học bị hủy có ai biết không?,timetable
Có thông tin gì mới về các đợt tuyển dụng không?,recruitment
Khi nào có hội thảo về kỹ năng lãnh đạo nhỉ?,events
Có học bổng nào cho sinh viên từ vùng khó khăn không?,scholarship
Làm sao để biết lịch học của tuần này?,timetable
Có đợt thực tập nào trong mùa hè không?,recruitment
Trường mình có tổ chức ngày hội thể thao không?,events
Khi nào cần nộp tiền bảo hiểm y tế?,academic_affairs
Có học bổng nào cho sinh viên ngành truyền thông không?,scholarship
Có thông tin gì về thời gian biểu của các lớp không?,timetable
Có chương trình gì cho đợt tuyển dụng sắp tới không?,recruitment
Hội thảo về đổi mới sáng tạo diễn ra khi nào nhỉ?,events
Hạn cuối để nộp đơn xin học bổng là khi nào?,scholarship
Làm sao để biết thông tin về việc đổi phòng học?,timetable
Có sự kiện nào về văn hóa trong trường không?,events
Trường mình có tổ chức hội chợ việc làm không?,recruitment
Khi nào cần hoàn thành đăng ký học phần?,academic_affairs
Có học bổng nào cho sinh viên ngành luật không?,scholarship
Có sự kiện gì thú vị trong tuần này không?,events
Làm sao để biết lịch thi giữa kỳ?,timetable
Có thông tin gì mới về các chương trình thực tập không?,recruitment
Hội thảo nào về bảo vệ môi trường diễn ra sắp tới không?,events
Hạn cuối để nộp hồ sơ học bổng là khi nào?,scholarship
Có thông tin gì về việc đổi giờ học không?,timetable
Có đợt tuyển dụng thực tập sinh nào trong tháng này không?,recruitment
Trường mình có tổ chức gì cho ngày hội văn hóa không?,events
Khi nào cần nộp học phí kỳ mới?,academic_affairs
Có học bổng nào cho sinh viên ngành kỹ thuật không?,scholarship
Có sự kiện nào về khởi nghiệp sắp tới không?,events
Làm sao để biết lớp học nào bị thay đổi thời gian?,timetable
Có chương trình thực tập nào cho sinh viên năm cuối không?,recruitment
Hội thảo nào về khoa học công nghệ diễn ra trong tháng này không?,events
Hạn cuối để đăng ký môn học là khi nào?,academic_affairs
Có học bổng nào cho sinh viên có hoàn cảnh khó khăn không?,scholarship
Có thông tin gì về thời gian biểu của tuần tới không?,timetable
Có đợt thực tập nào trong mùa đông không?,recruitment
Trường mình có tổ chức ngày hội âm nhạc không?,events
Khi nào cần hoàn thành việc đăng ký bảo hiểm y tế?,academic_affairs
Có học bổng nào cho sinh viên ngành xã hội học không?,scholarship
Có sự kiện nào về công nghệ thông tin sắp diễn ra không?,events
Làm sao để biết thông tin về việc đổi phòng học?,timetable
Có chương trình gì cho đợt tuyển dụng sắp tới không?,recruitment
Hội thảo nào về đổi mới sáng tạo diễn ra khi nào nhỉ?,events
Hạn cuối để nộp đơn xin học bổng là khi nào?,scholarship
Làm sao để biết thông tin về việc đổi giờ học?,timetable
Có sự kiện nào về văn hóa trong trường không?,events
Trường mình có tổ chức hội chợ việc làm không?,recruitment
Khi nào cần hoàn thành đăng ký học phần?,academic_affairs
Có học bổng nào cho sinh viên ngành luật không?,scholarship
Có sự kiện gì thú vị trong tuần này không?,events
Làm sao để biết lịch thi giữa kỳ?,timetable
Có thông tin gì mới về các chương trình thực tập không?,recruitment
Hội thảo nào về bảo vệ môi trường diễn ra sắp tới không?,events
Hạn cuối để nộp hồ sơ học bổng là khi nào?,scholarship
Có thông tin gì về việc đổi giờ học không?,timetable
Có đợt tuyển dụng thực tập sinh nào trong tháng này không?,recruitment
Trường mình có tổ chức gì cho ngày hội văn hóa không?,events
Khi nào cần nộp học phí kỳ mới?,academic_affairs
Có học bổng nào cho sinh viên ngành kỹ thuật không?,scholarship
Có sự kiện nào về khởi nghiệp sắp tới không?,events
Làm sao để biết lớp học nào bị thay đổi thời gian?,timetable
Có chương trình thực tập nào cho sinh viên năm cuối không?,recruitment
Hội thảo nào về khoa học công nghệ diễn ra trong tháng này không?,events
Hạn cuối để đăng ký môn học là khi nào?,academic_affairs
Có học bổng nào cho sinh viên có hoàn cảnh khó khăn không?,scholarship
Có thông tin gì về thời gian biểu của tuần tới không?,timetable
Có đợt thực tập nào trong mùa đông không?,recruitment
Trường mình có tổ chức ngày hội âm nhạc không?,events
Khi nào cần hoàn thành việc đăng ký bảo hiểm y tế?,academic_affairs
Có học bổng nào cho sinh viên ngành xã hội học không?,scholarship
Có sự kiện nào về công nghệ thông tin sắp diễn ra không?,events
Làm sao để biết thông tin về việc đổi phòng học?,timetable
Có chương trình gì cho đợt tuyển dụng sắp tới không?,recruitment
Hội thảo nào về đổi mới sáng tạo diễn ra khi nào nhỉ?,events
Hạn cuối để nộp đơn xin học bổng là khi nào?,scholarship
Làm sao để biết thông tin về việc đổi giờ học?,timetable
Có sự kiện nào về văn hóa trong trường không?,events
Trường mình có tổ chức hội chợ việc làm không?,recruitment
Khi nào cần hoàn thành đăng ký học phần?,academic_affairs
Em cần biết thông tin về cuộc thi lập trình sắp tới,events
Có thông tin gì về chương trình trao đổi sinh viên không?,academic_affairs
Làm sao để cập nhật thời khóa biểu mới nhất?,timetable
Trường mình có học bổng nào cho sinh viên ngành CNTT không?,scholarship
Khi nào thì hạn cuối nộp đơn xin học bổng?,scholarship
Em muốn biết về đợt tuyển dụng tiếp theo của các công ty công nghệ,recruitment
Có hội thảo nào về trí tuệ nhân tạo sắp diễn ra không?,events
Làm sao để đăng ký môn học qua hệ thống?,academic_affairs
Đăng ký bảo hiểm y tế ở đâu vậy?,academic_affairs
Có thực tập nào phù hợp với sinh viên năm cuối không?,recruitment
Lịch bảo vệ đồ án tốt nghiệp đợt này thế nào nhỉ?,academic_affairs
Có bao nhiêu suất học bổng cho sinh viên giỏi kỳ này?,scholarship
Khi nào trường tổ chức ngày hội việc làm?,recruitment
Có sự kiện gì vui sắp diễn ra ở trường không?,events
Em muốn tìm thông tin về thay đổi phòng học môn Toán rời rạc,timetable
Trường mình có hợp tác với công ty nào trong ngành game không?,recruitment
Làm sao để biết mức học bổng mình được nhận?,scholarship
Buổi hội thảo về blockchain tổ chức ngày nào nhỉ?,events
Có cách nào để tra cứu lịch học nhanh không?,timetable
Em cần biết thông tin về việc nộp học phí học kỳ này,academic_affairs
Chương trình thực tập hè của công ty A có yêu cầu gì đặc biệt không?,recruitment
Làm sao để tham gia câu lạc bộ trong trường?,events
Khi nào là hạn cuối đăng ký môn học?,academic_affairs
Có học bổng nào cho sinh viên có hoàn cảnh khó khăn không?,scholarship
Ngày mai có sự kiện gì ở giảng đường chính không?,events
Lịch thi cuối kỳ môn Lập trình Java có thay đổi không?,timetable
Công ty B đang tuyển vị trí nào cho sinh viên thực tập?,recruitment
Làm sao để xem điểm số và bảng điểm của mình?,academic_affairs
Chương trình học bổng của công ty C có khó không?,scholarship
Có buổi tọa đàm nào với các chuyên gia không?,events
Làm sao để biết phòng học của lớp mình?,timetable
Trường mình có chương trình gì cho sinh viên quốc tế không?,academic_affairs
Đơn xin thực tập cần chuẩn bị những gì?,recruitment
Có sự kiện gì dành cho tân sinh viên không?,events
Khi nào có thể đăng ký học phần tự chọn?,academic_affairs
Có học bổng nào cho nghiên cứu khoa học không?,scholarship
Sắp tới có workshop nào về phát triển ứng dụng di động không?,events
Làm sao để kiểm tra thời gian biểu cá nhân?,timetable
Em muốn biết về các lớp học bù,academic_affairs
Có công ty nào đang tuyển dụng vị trí lập trình viên không?,recruitment
Trường mình có tổ chức hội thảo về khởi nghiệp không?,events
Đăng ký môn học qua ứng dụng di động thế nào?,academic_affairs
Có chương trình học bổng nào cho sinh viên quốc tế không?,scholarship
Có sự kiện gì thú vị vào cuối tuần này không?,events
Làm sao để biết lịch thi lại môn Kỹ thuật phần mềm?,timetable
Em muốn cập nhật thông tin mới nhất về bảo hiểm y tế,academic_affairs
Công ty D có chương trình thực tập cho sinh viên năm 3 không?,recruitment
Có buổi gặp gỡ nào với cựu sinh viên thành đạt không?,events
Khi nào có thể bắt đầu đăng ký môn học cho kỳ sau?,academic_affairs
Có học bổng nào hỗ trợ chi phí sinh hoạt không?,scholarship
Sắp tới có buổi diễn thuyết nào về công nghệ không?,events
Làm sao để theo dõi lịch học trực tuyến?,timetable
Em muốn biết về quy trình bảo lưu kết quả học tập,academic_affairs
Có công ty nào đang cần tuyển thực tập sinh ngành mạng không?,recruitment
Trường mình có tổ chức sự kiện nào cho sinh viên quốc tế không?,events
Làm sao để biết thông tin về môn học bị hủy?,academic_affairs
Có học bổng nào cho sinh viên nữ không?,scholarship
Có hội thảo nào về an ninh mạng không?,events
Làm sao để cập nhật thời gian biểu mới nhất?,timetable
Em cần thông tin về việc đóng bảo hiểm xã hội,academic_affairs
Công ty E có đợt tuyển dụng nào sắp tới không?,recruitment
Có sự kiện nào để sinh viên gặp gỡ doanh nghiệp không?,events
Khi nào có thể rút môn đã đăng ký?,academic_affairs
Có học bổng nào cho sinh viên có thành tích nghiên cứu không?,scholarship
Có hội thảo nào về phát triển phần mềm mã nguồn mở không?,events
Làm sao để tìm kiếm thông tin lớp học ngoài giờ?,timetable
Em cần hướng dẫn về việc đăng ký bảo hiểm y tế,academic_affairs
Công ty F có chương trình tuyển dụng nào cho sinh viên mới tốt nghiệp không?,recruitment
Trường mình có tổ chức sự kiện nào về đổi mới sáng tạo không?,events
Đăng ký môn học qua cổng thông tin sinh viên thế nào?,academic_affairs
Có học bổng nào cho sinh viên có hoàn cảnh khó khăn không?,scholarship
Có workshop nào về kỹ năng mềm sắp diễn ra không?,events
Làm sao để biết lịch học chính thức?,timetable
Em muốn biết về quy trình xin nghỉ học tạm thời,academic_affairs
Công ty G có chương trình thực tập nào phù hợp với ngành mình không?,recruitment
Có sự kiện nào để kết nối sinh viên các khoa không?,events
Khi nào có thể thay đổi môn học đã đăng ký?,academic_affairs
Có học bổng nào hỗ trợ học phí không?,scholarship
Sắp tới có hội nghị nào về trí tuệ nhân tạo không?,events
Làm sao để tra cứu thời gian biểu cho tuần này?,timetable
Em cần thông tin về việc đóng học phí qua ngân hàng,academic_affairs
Công ty H có tuyển dụng vị trí nào mới không?,recruitment
Có sự kiện nào để gặp gỡ các giảng viên không?,events
Khi nào là hạn cuối để nộp hồ sơ xin học bổng?,scholarship
Có học bổng nào cho sinh viên nghiên cứu không?,scholarship
Có buổi hội thảo nào về phát triển web không?,events
Làm sao để cập nhật lịch học của mình?,timetable
Em muốn biết về các lớp học ngoài giờ,academic_affairs
Có công ty nào đang tuyển dụng vị trí thực tập không?,recruitment
Trường mình có tổ chức hội thảo nào về công nghệ mới không?,events
Đăng ký môn học qua ứng dụng di động thế nào?,academic_affairs
Có học bổng nào cho sinh viên có điểm cao không?,scholarship
Có workshop nào về kỹ năng lãnh đạo không?,events
Làm sao để biết lịch thi cụ thể?,timetable
Em cần thông tin về việc đóng bảo hiểm xã hội,academic_affairs
Công ty I có chương trình tuyển dụng nào cho người mới ra trường không?,recruitment
Có sự kiện nào để sinh viên gặp gỡ doanh nghiệp không?,events
Khi nào có thể rút môn đã đăng ký?,academic_affairs
Có học bổng nào cho sinh viên có thành tích nghiên cứu không?,scholarship
Có hội thảo nào về phát triển phần mềm mã nguồn mở không?,events
Làm sao để tìm kiếm thông tin lớp học ngoài giờ?,timetable
Em cần hướng dẫn về việc đăng ký bảo hiểm y tế,academic_affairs
Công ty J có chương trình thực tập nào phù hợp với ngành mình không?,recruitment
Có sự kiện nào để kết nối sinh viên các khoa không?,events
Khi nào có thể thay đổi môn học đã đăng ký?,academic_affairs
Có học bổng nào hỗ trợ học phí không?,scholarship
Sắp tới có hội nghị nào về trí tuệ nhân tạo không?,events
Làm sao để tra cứu thời gian biểu cho tuần này?,timetable
Em cần thông tin về việc đóng học phí qua ngân hàng,academic_affairs
Công ty K có tuyển dụng vị trí nào mới không?,recruitment
Có sự kiện nào để gặp gỡ các giảng viên không?,events
Khi nào là hạn cuối để nộp hồ sơ xin học bổng?,scholarship
Có học bổng nào cho sinh viên nghiên cứu không?,scholarship
Có buổi hội thảo nào về phát triển web không?,events
Làm sao để cập nhật lịch học của mình?,timetable
Em muốn biết về các lớp học ngoài giờ,academic_affairs
Có công ty nào đang tuyển dụng vị trí thực tập không?,recruitment
Trường mình có tổ chức hội thảo nào về công nghệ mới không?,events
Đăng ký môn học qua ứng dụng di động thế nào?,academic_affairs
Có học bổng nào cho sinh viên có điểm cao không?,scholarship
Có workshop nào về kỹ năng lãnh đạo không?,events
Làm sao để biết lịch thi cụ thể?,timetable
Em cần thông tin về việc đóng bảo hiểm xã hội,academic_affairs
Công ty L có chương trình tuyển dụng nào cho người mới ra trường không?,recruitment
Có sự kiện nào để sinh viên gặp gỡ doanh nghiệp không?,events
Khi nào có thể rút môn đã đăng ký?,academic_affairs
Có học bổng nào cho sinh viên có thành tích nghiên cứu không?,scholarship
Có hội thảo nào về phát triển phần mềm mã nguồn mở không?,events
Làm sao để tìm kiếm thông tin lớp học ngoài giờ?,timetable
Em cần hướng dẫn về việc đăng ký bảo hiểm y tế,academic_affairs
Công ty M có chương trình thực tập nào phù hợp với ngành mình không?,recruitment
Có sự kiện nào để kết nối sinh viên các khoa không?,events
Khi nào có thể thay đổi môn học đã đăng ký?,academic_affairs
Có học bổng nào hỗ trợ học phí không?,scholarship
Sắp tới có hội nghị nào về trí tuệ nhân tạo không?,events
Làm sao để tra cứu thời gian biểu cho tuần này?,timetable
Em cần thông tin về việc đóng học phí qua ngân hàng,academic_affairs
Công ty N có tuyển dụng vị trí nào mới không?,recruitment
Có sự kiện nào để gặp gỡ các giảng viên không?,events
Khi nào là hạn cuối để nộp hồ sơ xin học bổng?,scholarship
Có học bổng nào cho sinh viên nghiên cứu không?,scholarship
Có buổi hội thảo nào về phát triển web không?,events
Làm sao để cập nhật lịch học của mình?,timetable
Em muốn biết về các lớp học ngoài giờ,academic_affairs
Có công ty nào đang tuyển dụng vị trí thực tập không?,recruitment
Trường mình có tổ chức hội thảo nào về công nghệ mới không?,events
Đăng ký môn học qua ứng dụng di động thế nào?,academic_affairs
Có học bổng nào cho sinh viên có điểm cao không?,scholarship
Có workshop nào về kỹ năng lãnh đạo không?,events
Làm sao để biết lịch thi cụ thể?,timetable
Em cần thông tin về việc đóng bảo hiểm xã hội,academic_affairs
Công ty O có chương trình tuyển dụng nào cho người mới ra trường không?,recruitment
Có sự kiện nào để sinh viên gặp gỡ doanh nghiệp không?,events
Khi nào có thể rút môn đã đăng ký?,academic_affairs
Có học bổng nào cho sinh viên có thành tích nghiên cứu không?,scholarship
Có hội thảo nào về phát triển phần mềm mã nguồn mở không?,events
Làm sao để tìm kiếm thông tin lớp học ngoài giờ?,timetable
Em cần hướng dẫn về việc đăng ký bảo hiểm y tế,academic_affairs
Công ty P có chương trình thực tập nào phù hợp với ngành mình không?,recruitment
Có sự kiện nào để kết nối sinh viên các khoa không?,events
Khi nào có thể thay đổi môn học đã đăng ký?,academic_affairs
Có học bổng nào hỗ trợ học phí không?,scholarship
Sắp tới có hội nghị nào về trí tuệ nhân tạo không?,events
Làm sao để tra cứu thời gian biểu cho tuần này?,timetable
Em cần thông tin về việc đóng học phí qua ngân hàng,academic_affairs
Công ty Q có tuyển dụng vị trí nào mới không?,recruitment
Có sự kiện nào để gặp gỡ các giảng viên không?,events
Khi nào là hạn cuối để nộp hồ sơ xin học bổng?,scholarship
Có học bổng nào cho sinh viên nghiên cứu không?,scholarship
Có buổi hội thảo nào về phát triển web không?,events
Làm sao để cập nhật lịch học của mình?,timetable
Em muốn biết về các lớp học ngoài giờ,academic_affairs
Có công ty nào đang tuyển dụng vị trí thực tập không?,recruitment
Trường mình có tổ chức hội thảo nào về công nghệ mới không?,events
Đăng ký môn học qua ứng dụng di động thế nào?,academic_affairs
Có học bổng nào cho sinh viên có điểm cao không?,scholarship
Có workshop nào về kỹ năng lãnh đạo không?,events
Làm sao để biết lịch thi cụ thể?,timetable
Em cần thông tin về việc đóng bảo hiểm xã hội,academic_affairs
Công ty R có chương trình tuyển dụng nào cho người mới ra trường không?,recruitment
Có sự kiện nào để sinh viên gặp gỡ doanh nghiệp không?,events
Khi nào có thể rút môn đã đăng ký?,academic_affairs
Có học bổng nào cho sinh viên có thành tích nghiên cứu không?,scholarship
Có hội thảo nào về phát triển phần mềm mã nguồn mở không?,events
Làm sao để tìm kiếm thông tin lớp học ngoài giờ?,timetable
Em cần hướng dẫn về việc đăng ký bảo hiểm y tế,academic_affairs
Công ty S có chương trình thực tập nào phù hợp với ngành mình không?,recruitment
Khi nào là hạn chót nộp đơn tham gia chương trình ZaloPay Tech Fresher 2023?,recruitment
Mức thu nhập hàng tháng của ZaloPay Tech Fresher 2023 có thể đạt tới bao nhiêu?,recruitment
Vòng kiểm tra kiến thức cho chương trình ZaloPay Tech Fresher 2023 diễn ra vào ngày nào?,recruitment
Sinh viên thuộc ngành nào có thể tham gia ứng tuyển ZaloPay Tech Fresher 2023?,recruitment
ZaloPay Tech Fresher 2023 chính thức khởi động vào thời điểm nào và tại thành phố nào?,recruitment
Có đối tượng ứng viên nào được nhất đến trong tin tuyển dụng này và yêu cầu cho họ là gì?,recruitment
Ai là người sẽ phân công công việc cho ứng viên theo như bài tuyển dụng?,recruitment
Yêu cầu về trình độ TOEIC của đội ngũ ứng viên là bao nhiêu điểm?,recruitment
"Thoi gian làm việc full-time theo mô tả công việc là từ thứ 2 đến thứ 6, vậy có quá giờ hay làm vào cuối tuần không?",recruitment
Công ty trong mô tả tuyển dụng là công ty gì và họ có cung cấp dịch vụ gì để nhan viên có thể sử dụng như trên?,recruitment
Làm thế nào để liên hệ với người phụ trách tuyển dụng thực tập tại TMA nếu mình có thắc mắc?,recruitment
"Để nộp hồ sơ thực tập tại TMA, sinh viên cần chuẩn bị những giấy tờ gì?",recruitment
Địa điểm làm việc cho vị trí thực tập ở TMA là những đâu?,recruitment
Có vị trí thực tập nào ở TMA yêu cầu phải biết ngôn ngữ lập trình C/C++ không?,recruitment
"Ngoài nội dung đào tạo về kỹ năng mềm, trong quá trình thực tập tại TMA còn được đào tạo những kỹ năng và công nghệ nào khác?",recruitment
Điều kiện và yêu cầu cần có cho vị trí phát triển ứng dụng di động tại InspireUI là gì?,recruitment
"InspireUI có kế hoạch gì để hỗ trợ nhân viên trong việc phát triển sự nghiệp, đặc biệt là trong thời gian thực tập?",recruitment
Những khái niệm kỹ thuật nào ứng viên cần quen thuộc khi ứng tuyển vào InspireUI?,recruitment
Thời gian làm việc của vị trí thực tập tại InspireUI là bao nhiêu giờ mỗi tuần?,recruitment
Công ty nào đang tuyển dụng vị trí thực tập và vị trí mới tốt nghiệp liên quan đến phát triển ứng dụng di động vào cuối tháng 9/2023?,recruitment
Số điện thoại liên hệ của công ty GO để trao đổi thêm thông tin là gì?,recruitment
Công ty GO có địa chỉ trang web nào để tham khảo thông tin việc làm và thực tập?,recruitment
Tôi có thể nộp đơn xin thực tập tại GO bằng cách nào?,recruitment
Lợi ích khi thực tập tại công ty GO là gì?,recruitment
GO đang tuyển vị trí thực tập sinh nào vào năm 2023?,recruitment
"Làm cách nào để theo dõi thông tin mới nhất về khóa học từ khoa CNTT, Đại học Khoa học Tự nhiên?",timetable
Tôi có thể liên hệ với bộ phận giáo vụ sau đại học của khoa CNTT qua email nào để hỏi thông tin về lớp học?,timetable
"Vì sao lớp ""Học sâu"" phải chuyển địa điểm học sang Hội trường I?",timetable
"Lớp học ""Học sâu"" sẽ diễn ra tại Hội trường I từ ngày nào?",timetable
"Tôi muốn biết lịch học của lớp ""Học sâu"" do TS. Nguyễn Tiến Huy và TS. Lê Thanh Tùng giảng dạy diễn ra vào thời gian nào và ở đâu sau ngày 17/4/2023?",timetable
Đăng ký nhóm học phần 1 của khóa 33/2023 từ ngày nào?,timetable
Thời gian thực hiện luận văn tốt nghiệp theo phương thức 1 là từ tháng nào đến tháng nào?,timetable
Khi nào sẽ diễn ra buổi sinh hoạt đầu khóa cho lớp cao học khóa 33/2023?,timetable
Có ngày nghỉ lễ nào trong khóa học phần 2 không?,timetable
Tôi muốn biết khi nào bắt đầu học phần 1 của khóa 33/2023?,timetable
Ngày khai giảng của môn Cấu trúc dữ liệu là khi nào?,timetable
Địa chỉ email để liên hệ với Ban Giáo Vụ là gì?,timetable
Khóa học môn Cơ sở dữ liệu bắt đầu và kết thúc vào ngày nào?,timetable
Phòng học F109 có được sử dụng cho môn học nào không và vào ngày nào?,timetable
Giáo viên dạy môn Cấu trúc dữ liệu vào khóa tháng 4/2023 là ai?,timetable
Thông báo này được phát ra bởi đơn vị nào của trường?,timetable
Lịch học của lớp Phát triển game 20TN sẽ kéo dài đến khi nào trong học kỳ 1/2023-2024?,timetable
Tại sao lớp Phát triển game 20TN chuyển địa điểm học sang Hội trường I vào kỳ 1/2023-2024?,timetable
Thông báo chuyển địa điểm học cho lớp 20TN diễn ra vào những tiết nào vào thứ Tư?,timetable
"Kể từ ngày 25/10/2023, lớp Phát triển game 20TN học vào tiết nào và thay đổi địa điểm học ở đâu?",timetable
Sinh viên lớp 22HCB(HK2) cần chú ý điều gì về thời khóa biểu LT+TH HK2/2022-2023?,timetable
Thời khóa biểu LT+TH HK2 của lớp 22HCB(HK2) có được thông báo từ Giao vụ KCNTT không?,timetable
Tôi có thể xem thời khóa biểu LT+TH HK2/2022-2023 của lớp 22HCB(HK2) ở đâu?,timetable
Thời gian bắt đầu học kỳ 2/2022-2023 của lớp 22HCB(HK2) là ngày nào?,timetable
Giao vụ KCNTT có cung cấp chi tiết thời khóa biểu LT+TH cho học kỳ 2/2022-2023 của lớp 22HCB(HK2) trong file đính kèm không?,timetable
Thông tin liên hệ của Bộ Phận Giáo Vụ SĐH của Khoa CNTT để tìm hiểu thêm về học bổng là gì?,scholarship
Giai đoạn nào trong quy trình giải ngân yêu cầu học viên phải nộp báo cáo tiến độ học tập?,scholarship
Các học viên nào đã nhận được học bổng VINIF cho ngành Trí tuệ nhân tạo khóa 33/2023?,scholarship
Quy trình giải ngân học bổng VINIF cho khóa 33/2023 được thực hiện như thế nào?,scholarship
Làm thế nào để nhận được học bổng VINIF dành cho HVCH ngành Trí tuệ nhân tạo khóa 33/2023?,scholarship
Hạn cuối để nộp hồ sơ tham dự chương trình TF-NUS LEaRN 2024 là khi nào?,scholarship
Điều kiện nào cần thiết để được tham gia chương trình TF-NUS LEaRN 2024?,scholarship
Các chủ đề chính của chương trình TF-NUS LEaRN 2024 trong từng tuần là gì?,scholarship
Chương trình TF-NUS LEaRN 2024 có chi phí tài trợ cho sinh viên như thế nào?,scholarship
Khi nào diễn ra chương trình TF-NUS LEaRN 2024 tại Đại học Quốc gia Singapore?,scholarship
Học bổng MEXT 2023 của JAIST bao gồm những khoản hỗ trợ cụ thể nào cho sinh viên?,scholarship
Buổi phỏng vấn học bổng MEXT 2023 tại JAIST diễn ra vào ngày nào?,scholarship
Sinh viên có cần nộp chứng chỉ tiếng Anh nào khi tham gia ứng tuyển học bổng MEXT 2023?,scholarship
Ngày cuối cùng để nộp hồ sơ ứng tuyển học bổng MEXT 2023 là ngày nào?,scholarship
Chương trình học bổng MEXT 2023 của JAIST có yêu cầu ứng viên cần tốt nghiệp ngành học nào?,scholarship
Những lợi ích nào khác ngoài tài chính mà sinh viên nhận được từ học bổng LSMSE?,scholarship
Làm thế nào để ứng tuyển cho học bổng LSMSE và đơn ứng tuyển được mở từ ngày nào đến ngày nào?,scholarship
Quy trình xét tuyển cho học bổng LSMSE được diễn ra vào các mốc thời gian nào?,scholarship
Giá trị mỗi suất học bổng của LSMSE là bao nhiêu và được phát như thế nào trong mỗi học kỳ?,scholarship
Học bổng Le So Memorial Scholarship of Excellence được trao cho những đối tượng nào?,scholarship
Liên hệ với ai khi cần thông tin thêm về học bổng này?,scholarship
Làm thế nào để sinh viên đăng ký học bổng trên hệ thống?,scholarship
Sinh viên cần chuẩn bị những giấy tờ gì để nộp hồ sơ cho học bổng này?,scholarship
Các công ty nào tài trợ học bổng 'Hành trang hướng nghiệp' cho sinh viên Khoa CNTT?,scholarship
Hạn chót để đăng ký học bổng 'Hành trang hướng nghiệp' là ngày nào?,scholarship
BP. Giáo vụ SĐH của Khoa CNTT đã gửi lời chúc mừng gì đến thầy Lê Ngọc Thành sau khi bảo vệ luận án thành công?,academic_affairs
Luận án tiến sĩ của thầy Lê Ngọc Thành đã thử nghiệm trên những bộ dữ liệu nào để chứng minh hiệu quả của mô hình?,academic_affairs
Những giải pháp nào được thầy Lê Ngọc Thành đề xuất áp dụng trong luận án tiến sĩ của mình để cải thiện độ chính xác của mô hình dự đoán?,academic_affairs
Ai là người hướng dẫn luận án tiến sĩ của thầy Lê Ngọc Thành và đề tài luận án của thầy là gì?,academic_affairs